,Jornada,MetaEquipo,GF,GA,xG,xGA,game_counter,is_home_game,is_away_game,is_win,is_loss,is_draw,is_win_home,is_loss_home,is_draw_home,is_win_away,is_loss_away,is_draw_away,is_over,is_AA,is_over_home,is_AA_home,is_over_away,is_AA_away,is_win_norm,is_loss_norm,is_draw_norm,is_over_norm,is_AA_norm,is_win_home_norm,is_loss_home_norm,is_draw_home_norm,is_over_home_norm,is_AA_home_norm,is_win_away_norm,is_loss_away_norm,is_draw_away_norm,is_over_away_norm,is_AA_away_norm
0,1.0,America,0.9230769230769231,1.0769230769230769,0.6307692307692307,0.4076923076923077,13,6,7,3,5,5,1,2,3,2,3,2,6,7,2,2,4,5,0.23076923076923078,0.38461538461538464,0.38461538461538464,0.46153846153846156,0.5384615384615384,0.16666666666666666,0.3333333333333333,0.5,0.3333333333333333,0.3333333333333333,0.2857142857142857,0.42857142857142855,0.2857142857142857,0.5714285714285714,0.7142857142857143
1,1.0,Atlas,1.2307692307692308,0.9230769230769231,0.9923076923076923,0.4230769230769231,13,7,6,6,3,4,3,2,2,3,1,2,6,6,2,3,4,3,0.46153846153846156,0.23076923076923078,0.3076923076923077,0.46153846153846156,0.46153846153846156,0.42857142857142855,0.2857142857142857,0.2857142857142857,0.2857142857142857,0.42857142857142855,0.5,0.16666666666666666,0.3333333333333333,0.6666666666666666,0.5
2,1.0,Atletico,1.4,1.6,1.52,1.78,5,3,2,2,2,1,0,2,1,2,0,0,3,4,1,2,2,2,0.4,0.4,0.2,0.6,0.8,0.0,0.6666666666666666,0.3333333333333333,0.3333333333333333,0.6666666666666666,1.0,0.0,0.0,1.0,1.0
3,1.0,Cruz_Azul,1.1538461538461537,0.6923076923076923,0.6615384615384615,0.8307692307692308,13,6,7,6,2,5,3,1,2,3,1,3,2,4,1,1,1,3,0.46153846153846156,0.15384615384615385,0.38461538461538464,0.15384615384615385,0.3076923076923077,0.5,0.16666666666666666,0.3333333333333333,0.16666666666666666,0.16666666666666666,0.42857142857142855,0.14285714285714285,0.42857142857142855,0.14285714285714285,0.42857142857142855
4,1.0,FC_Juarez,1.2,1.4,1.0,1.72,5,2,3,2,2,1,1,1,0,1,1,1,4,4,2,2,2,2,0.4,0.4,0.2,0.8,0.8,0.5,0.5,0.0,1.0,1.0,0.3333333333333333,0.3333333333333333,0.3333333333333333,0.6666666666666666,0.6666666666666666
5,1.0,Guadalajara,1.0769230769230769,0.7692307692307693,0.7384615384615384,0.6538461538461539,13,7,6,5,4,4,3,2,2,2,2,2,5,6,3,2,2,4,0.38461538461538464,0.3076923076923077,0.3076923076923077,0.38461538461538464,0.46153846153846156,0.42857142857142855,0.2857142857142857,0.2857142857142857,0.42857142857142855,0.2857142857142857,0.3333333333333333,0.3333333333333333,0.3333333333333333,0.3333333333333333,0.6666666666666666
6,1.0,Leon,1.3846153846153846,2.076923076923077,0.8538461538461538,0.7461538461538461,13,6,7,5,6,2,2,3,1,3,3,1,10,9,5,4,5,5,0.38461538461538464,0.46153846153846156,0.15384615384615385,0.7692307692307693,0.6923076923076923,0.3333333333333333,0.5,0.16666666666666666,0.8333333333333334,0.6666666666666666,0.42857142857142855,0.42857142857142855,0.14285714285714285,0.7142857142857143,0.7142857142857143
7,1.0,Mazatlan,1.2,2.0,0.76,2.8600000000000003,5,2,3,1,3,1,0,1,1,1,2,0,3,3,1,2,2,1,0.2,0.6,0.2,0.6,0.6,0.0,0.5,0.5,0.5,1.0,0.3333333333333333,0.6666666666666666,0.0,0.6666666666666666,0.3333333333333333
8,1.0,Monterrey,1.4615384615384615,1.0,1.0461538461538462,0.8153846153846154,13,7,6,5,3,5,2,1,4,3,2,1,5,5,1,2,4,3,0.38461538461538464,0.23076923076923078,0.38461538461538464,0.38461538461538464,0.38461538461538464,0.2857142857142857,0.14285714285714285,0.5714285714285714,0.14285714285714285,0.2857142857142857,0.5,0.3333333333333333,0.16666666666666666,0.6666666666666666,0.5
9,1.0,Necaxa,0.8181818181818182,1.3636363636363635,0.8,0.9545454545454546,11,7,4,3,6,2,3,3,1,0,3,1,6,5,5,4,1,1,0.2727272727272727,0.5454545454545454,0.18181818181818182,0.5454545454545454,0.45454545454545453,0.42857142857142855,0.42857142857142855,0.14285714285714285,0.7142857142857143,0.5714285714285714,0.0,0.75,0.25,0.25,0.25
10,1.0,Pachuca,2.1538461538461537,1.3076923076923077,1.0846153846153848,0.6307692307692307,13,7,6,7,4,2,5,2,0,2,2,2,7,7,5,4,2,3,0.5384615384615384,0.3076923076923077,0.15384615384615385,0.5384615384615384,0.5384615384615384,0.7142857142857143,0.2857142857142857,0.0,0.7142857142857143,0.5714285714285714,0.3333333333333333,0.3333333333333333,0.3333333333333333,0.3333333333333333,0.5
11,1.0,Puebla,1.3846153846153846,2.0,0.6461538461538462,0.8923076923076922,13,5,8,3,4,6,2,1,2,1,3,4,7,10,3,5,4,5,0.23076923076923078,0.3076923076923077,0.46153846153846156,0.5384615384615384,0.7692307692307693,0.4,0.2,0.4,0.6,1.0,0.125,0.375,0.5,0.5,0.625
12,1.0,Pumas_UNAM,2.0,1.0769230769230769,1.1,0.6615384615384615,13,8,5,8,3,2,6,0,2,2,3,0,8,7,4,3,4,4,0.6153846153846154,0.23076923076923078,0.15384615384615385,0.6153846153846154,0.5384615384615384,0.75,0.0,0.25,0.5,0.375,0.4,0.6,0.0,0.8,0.8
13,1.0,Queretaro,0.6923076923076923,0.6923076923076923,0.4,0.8153846153846154,13,5,8,4,4,5,1,3,1,3,1,4,3,3,3,3,0,0,0.3076923076923077,0.3076923076923077,0.38461538461538464,0.23076923076923078,0.23076923076923078,0.2,0.6,0.2,0.6,0.6,0.375,0.125,0.5,0.0,0.0
14,1.0,Santos_Laguna,1.0769230769230769,1.3846153846153846,0.9076923076923078,0.5846153846153845,13,8,5,3,5,5,2,3,3,1,2,2,5,6,3,4,2,2,0.23076923076923078,0.38461538461538464,0.38461538461538464,0.38461538461538464,0.46153846153846156,0.25,0.375,0.375,0.375,0.5,0.2,0.4,0.4,0.4,0.4
15,1.0,Tijuana,1.3076923076923077,1.6923076923076923,0.7,0.6846153846153846,13,7,6,2,7,4,2,3,2,0,4,2,6,9,4,6,2,3,0.15384615384615385,0.5384615384615384,0.3076923076923077,0.46153846153846156,0.6923076923076923,0.2857142857142857,0.42857142857142855,0.2857142857142857,0.5714285714285714,0.8571428571428571,0.0,0.6666666666666666,0.3333333333333333,0.3333333333333333,0.5
16,1.0,Toluca,1.4615384615384615,1.0769230769230769,0.7384615384615384,0.8307692307692308,13,6,7,6,2,5,3,0,3,3,2,2,6,7,2,3,4,4,0.46153846153846156,0.15384615384615385,0.38461538461538464,0.46153846153846156,0.5384615384615384,0.5,0.0,0.5,0.3333333333333333,0.5,0.42857142857142855,0.2857142857142857,0.2857142857142857,0.5714285714285714,0.5714285714285714
17,1.0,UANL,1.4615384615384615,0.9230769230769231,0.7615384615384616,0.7,13,6,7,4,4,5,2,2,2,2,2,3,6,6,2,2,4,4,0.3076923076923077,0.3076923076923077,0.38461538461538464,0.46153846153846156,0.46153846153846156,0.3333333333333333,0.3333333333333333,0.3333333333333333,0.3333333333333333,0.3333333333333333,0.2857142857142857,0.2857142857142857,0.42857142857142855,0.5714285714285714,0.5714285714285714
18,2.0,America,1.9230769230769231,1.5384615384615385,1.0,0.49230769230769234,13,8,5,6,5,2,4,3,1,2,2,1,11,6,7,3,4,3,0.46153846153846156,0.38461538461538464,0.15384615384615385,0.8461538461538461,0.46153846153846156,0.5,0.375,0.125,0.875,0.375,0.4,0.4,0.2,0.8,0.6
19,2.0,Atlas,1.3076923076923077,1.6153846153846154,0.8538461538461538,0.7461538461538461,13,5,8,4,6,3,3,2,0,1,4,3,8,7,3,2,5,5,0.3076923076923077,0.46153846153846156,0.23076923076923078,0.6153846153846154,0.5384615384615384,0.6,0.4,0.0,0.6,0.4,0.125,0.5,0.375,0.625,0.625
20,2.0,Atletico,0.6,1.0,1.1199999999999999,0.8400000000000001,5,2,3,1,2,2,0,0,2,1,2,0,1,2,0,1,1,1,0.2,0.4,0.4,0.2,0.4,0.0,0.0,1.0,0.0,0.5,0.3333333333333333,0.6666666666666666,0.0,0.3333333333333333,0.3333333333333333
21,2.0,Cruz_Azul,1.0769230769230769,1.1538461538461537,0.34615384615384615,0.776923076923077,13,8,5,4,6,3,2,4,2,2,2,1,4,6,2,3,2,3,0.3076923076923077,0.46153846153846156,0.23076923076923078,0.3076923076923077,0.46153846153846156,0.25,0.5,0.25,0.25,0.375,0.4,0.4,0.2,0.4,0.6
22,2.0,FC_Juarez,1.2,0.8,0.74,1.08,5,2,3,2,2,1,1,0,1,1,2,0,1,1,1,1,0,0,0.4,0.4,0.2,0.2,0.2,0.5,0.0,0.5,0.5,0.5,0.3333333333333333,0.6666666666666666,0.0,0.0,0.0
23,2.0,Guadalajara,1.2307692307692308,1.1538461538461537,0.5153846153846154,0.3692307692307692,13,6,7,4,4,5,2,3,1,2,1,4,6,7,3,3,3,4,0.3076923076923077,0.3076923076923077,0.38461538461538464,0.46153846153846156,0.5384615384615384,0.3333333333333333,0.5,0.16666666666666666,0.5,0.5,0.2857142857142857,0.14285714285714285,0.5714285714285714,0.42857142857142855,0.5714285714285714
24,2.0,Leon,1.6153846153846154,1.6153846153846154,0.8153846153846154,0.9538461538461539,13,8,5,5,4,4,4,1,3,1,3,1,8,8,5,5,3,3,0.38461538461538464,0.3076923076923077,0.3076923076923077,0.6153846153846154,0.6153846153846154,0.5,0.125,0.375,0.625,0.625,0.2,0.6,0.2,0.6,0.6
25,2.0,Mazatlan,0.8,1.2,1.26,1.3199999999999998,5,4,1,1,3,1,1,3,0,0,0,1,3,3,3,3,0,0,0.2,0.6,0.2,0.6,0.6,0.25,0.75,0.0,0.75,0.75,0.0,0.0,1.0,0.0,0.0
26,2.0,Monterrey,2.3846153846153846,0.9230769230769231,0.8307692307692308,0.46153846153846156,13,6,7,10,1,2,4,0,2,6,1,0,9,7,4,4,5,3,0.7692307692307693,0.07692307692307693,0.15384615384615385,0.6923076923076923,0.5384615384615384,0.6666666666666666,0.0,0.3333333333333333,0.6666666666666666,0.6666666666666666,0.8571428571428571,0.14285714285714285,0.0,0.7142857142857143,0.42857142857142855
27,2.0,Necaxa,1.3636363636363635,2.0,0.8727272727272727,0.9090909090909091,11,4,7,2,6,3,0,3,1,2,3,2,8,8,2,2,6,6,0.18181818181818182,0.5454545454545454,0.2727272727272727,0.7272727272727273,0.7272727272727273,0.0,0.75,0.25,0.5,0.5,0.2857142857142857,0.42857142857142855,0.2857142857142857,0.8571428571428571,0.8571428571428571
28,2.0,Pachuca,1.1538461538461537,1.4615384615384615,0.8615384615384615,0.8153846153846155,13,5,8,6,6,1,4,1,0,2,5,1,8,6,2,1,6,5,0.46153846153846156,0.46153846153846156,0.07692307692307693,0.6153846153846154,0.46153846153846156,0.8,0.2,0.0,0.4,0.2,0.25,0.625,0.125,0.75,0.625
29,2.0,Puebla,1.4615384615384615,1.8461538461538463,0.6076923076923078,0.776923076923077,13,9,4,6,6,1,5,3,1,1,3,0,6,7,5,6,1,1,0.46153846153846156,0.46153846153846156,0.07692307692307693,0.46153846153846156,0.5384615384615384,0.5555555555555556,0.3333333333333333,0.1111111111111111,0.5555555555555556,0.6666666666666666,0.25,0.75,0.0,0.25,0.25
30,2.0,Pumas_UNAM,1.5384615384615385,1.3846153846153846,0.6923076923076923,0.8538461538461538,13,5,8,5,4,4,3,0,2,2,4,2,9,7,3,3,6,4,0.38461538461538464,0.3076923076923077,0.3076923076923077,0.6923076923076923,0.5384615384615384,0.6,0.0,0.4,0.6,0.6,0.25,0.5,0.25,0.75,0.5
31,2.0,Queretaro,0.5384615384615384,1.5384615384615385,0.43076923076923074,0.8769230769230768,13,6,7,1,8,4,1,4,1,0,4,3,5,6,3,3,2,3,0.07692307692307693,0.6153846153846154,0.3076923076923077,0.38461538461538464,0.46153846153846156,0.16666666666666666,0.6666666666666666,0.16666666666666666,0.5,0.5,0.0,0.5714285714285714,0.42857142857142855,0.2857142857142857,0.42857142857142855
32,2.0,Santos_Laguna,1.2307692307692308,0.9230769230769231,0.9384615384615385,0.6615384615384615,13,6,7,6,4,3,3,1,2,3,3,1,5,5,1,1,4,4,0.46153846153846156,0.3076923076923077,0.23076923076923078,0.38461538461538464,0.38461538461538464,0.5,0.16666666666666666,0.3333333333333333,0.16666666666666666,0.16666666666666666,0.42857142857142855,0.42857142857142855,0.14285714285714285,0.5714285714285714,0.5714285714285714
33,2.0,Tijuana,0.8461538461538461,1.3076923076923077,0.5692307692307692,0.7,13,6,7,4,7,2,2,3,1,2,4,1,5,4,3,2,2,2,0.3076923076923077,0.5384615384615384,0.15384615384615385,0.38461538461538464,0.3076923076923077,0.3333333333333333,0.5,0.16666666666666666,0.5,0.3333333333333333,0.2857142857142857,0.5714285714285714,0.14285714285714285,0.2857142857142857,0.2857142857142857
34,2.0,Toluca,2.0,1.5384615384615385,1.0384615384615385,0.8384615384615385,13,7,6,8,4,1,6,0,1,2,4,0,11,11,7,7,4,4,0.6153846153846154,0.3076923076923077,0.07692307692307693,0.8461538461538461,0.8461538461538461,0.8571428571428571,0.0,0.14285714285714285,1.0,1.0,0.3333333333333333,0.6666666666666666,0.0,0.6666666666666666,0.6666666666666666
35,2.0,UANL,1.3846153846153846,1.1538461538461537,0.8692307692307693,0.6384615384615385,13,6,7,5,3,5,3,1,2,2,2,3,6,7,3,3,3,4,0.38461538461538464,0.23076923076923078,0.38461538461538464,0.46153846153846156,0.5384615384615384,0.5,0.16666666666666666,0.3333333333333333,0.5,0.5,0.2857142857142857,0.2857142857142857,0.42857142857142855,0.42857142857142855,0.5714285714285714
36,3.0,America,1.6153846153846154,1.3076923076923077,1.0307692307692309,0.7769230769230769,13,8,5,5,3,5,3,2,3,2,1,2,8,8,4,5,4,3,0.38461538461538464,0.23076923076923078,0.38461538461538464,0.6153846153846154,0.6153846153846154,0.375,0.25,0.375,0.5,0.625,0.4,0.2,0.4,0.8,0.6
37,3.0,Atlas,1.3076923076923077,1.6923076923076923,0.5769230769230769,0.5615384615384615,13,6,7,4,5,4,2,3,1,2,2,3,8,7,6,4,2,3,0.3076923076923077,0.38461538461538464,0.3076923076923077,0.6153846153846154,0.5384615384615384,0.3333333333333333,0.5,0.16666666666666666,1.0,0.6666666666666666,0.2857142857142857,0.2857142857142857,0.42857142857142855,0.2857142857142857,0.42857142857142855
38,3.0,Atletico,1.6,1.4,1.16,1.6,5,3,2,2,3,0,1,2,0,1,1,0,3,3,1,1,2,2,0.4,0.6,0.0,0.6,0.6,0.3333333333333333,0.6666666666666666,0.0,0.3333333333333333,0.3333333333333333,0.5,0.5,0.0,1.0,1.0
39,3.0,Cruz_Azul,1.2307692307692308,1.3846153846153846,0.5076923076923077,0.5076923076923077,13,4,9,3,4,6,1,1,2,2,3,4,7,9,2,2,5,7,0.23076923076923078,0.3076923076923077,0.46153846153846156,0.5384615384615384,0.6923076923076923,0.25,0.25,0.5,0.5,0.5,0.2222222222222222,0.3333333333333333,0.4444444444444444,0.5555555555555556,0.7777777777777778
40,3.0,FC_Juarez,1.8,1.8,1.64,1.26,5,1,4,2,1,2,0,0,1,2,1,1,3,4,0,1,3,3,0.4,0.2,0.4,0.6,0.8,0.0,0.0,1.0,0.0,1.0,0.5,0.25,0.25,0.75,0.75
41,3.0,Guadalajara,1.3076923076923077,1.5384615384615385,0.7384615384615384,0.6846153846153846,13,8,5,3,4,6,2,2,4,1,2,2,7,9,3,5,4,4,0.23076923076923078,0.3076923076923077,0.46153846153846156,0.5384615384615384,0.6923076923076923,0.25,0.25,0.5,0.375,0.625,0.2,0.4,0.4,0.8,0.8
42,3.0,Leon,0.7692307692307693,1.0,0.7153846153846154,0.7615384615384616,13,5,8,3,5,5,2,2,1,1,3,4,4,6,3,3,1,3,0.23076923076923078,0.38461538461538464,0.38461538461538464,0.3076923076923077,0.46153846153846156,0.4,0.4,0.2,0.6,0.6,0.125,0.375,0.5,0.125,0.375
43,3.0,Mazatlan,1.0,3.0,0.9400000000000001,2.46,5,2,3,0,3,2,0,1,1,0,2,1,3,3,1,1,2,2,0.0,0.6,0.4,0.6,0.6,0.0,0.5,0.5,0.5,0.5,0.0,0.6666666666666666,0.3333333333333333,0.6666666666666666,0.6666666666666666
44,3.0,Monterrey,2.230769230769231,1.0769230769230769,0.9692307692307692,0.5461538461538462,13,7,6,9,0,4,5,0,2,4,0,2,9,10,5,6,4,4,0.6923076923076923,0.0,0.3076923076923077,0.6923076923076923,0.7692307692307693,0.7142857142857143,0.0,0.2857142857142857,0.7142857142857143,0.8571428571428571,0.6666666666666666,0.0,0.3333333333333333,0.6666666666666666,0.6666666666666666
45,3.0,Necaxa,1.4545454545454546,1.3636363636363635,0.9272727272727272,0.7181818181818181,11,6,5,4,5,2,2,2,2,2,3,0,6,4,4,3,2,1,0.36363636363636365,0.45454545454545453,0.18181818181818182,0.5454545454545454,0.36363636363636365,0.3333333333333333,0.3333333333333333,0.3333333333333333,0.6666666666666666,0.5,0.4,0.6,0.0,0.4,0.2
46,3.0,Pachuca,1.2307692307692308,1.6923076923076923,0.6307692307692307,0.6384615384615385,13,8,5,3,7,3,2,3,3,1,4,0,8,8,4,5,4,3,0.23076923076923078,0.5384615384615384,0.23076923076923078,0.6153846153846154,0.6153846153846154,0.25,0.375,0.375,0.5,0.625,0.2,0.8,0.0,0.8,0.6
47,3.0,Puebla,1.0,1.0769230769230769,0.5923076923076923,0.9769230769230769,13,6,7,5,4,4,3,0,3,2,4,1,4,5,1,3,3,2,0.38461538461538464,0.3076923076923077,0.3076923076923077,0.3076923076923077,0.38461538461538464,0.5,0.0,0.5,0.16666666666666666,0.5,0.2857142857142857,0.5714285714285714,0.14285714285714285,0.42857142857142855,0.2857142857142857
48,3.0,Pumas_UNAM,1.0,1.0769230769230769,0.5923076923076923,0.7076923076923077,13,8,5,4,6,3,3,3,2,1,3,1,5,6,3,3,2,3,0.3076923076923077,0.46153846153846156,0.23076923076923078,0.38461538461538464,0.46153846153846156,0.375,0.375,0.25,0.375,0.375,0.2,0.6,0.2,0.4,0.6
49,3.0,Queretaro,1.0,1.4615384615384615,0.5846153846153845,0.8769230769230769,13,7,6,1,6,6,0,4,3,1,2,3,5,9,4,5,1,4,0.07692307692307693,0.46153846153846156,0.46153846153846156,0.38461538461538464,0.6923076923076923,0.0,0.5714285714285714,0.42857142857142855,0.5714285714285714,0.7142857142857143,0.16666666666666666,0.3333333333333333,0.5,0.16666666666666666,0.6666666666666666
50,3.0,Santos_Laguna,1.3076923076923077,1.0769230769230769,0.5692307692307692,0.9307692307692308,13,7,6,5,3,5,2,2,3,3,1,2,5,9,2,4,3,5,0.38461538461538464,0.23076923076923078,0.38461538461538464,0.38461538461538464,0.6923076923076923,0.2857142857142857,0.2857142857142857,0.42857142857142855,0.2857142857142857,0.5714285714285714,0.5,0.16666666666666666,0.3333333333333333,0.5,0.8333333333333334
51,3.0,Tijuana,1.0,1.1538461538461537,0.47692307692307695,0.7692307692307693,13,7,6,5,4,4,2,2,3,3,2,1,5,7,2,4,3,3,0.38461538461538464,0.3076923076923077,0.3076923076923077,0.38461538461538464,0.5384615384615384,0.2857142857142857,0.2857142857142857,0.42857142857142855,0.2857142857142857,0.5714285714285714,0.5,0.3333333333333333,0.16666666666666666,0.5,0.5
52,3.0,Toluca,1.3076923076923077,1.0,0.7615384615384616,0.6230769230769231,13,6,7,6,4,3,2,2,2,4,2,1,5,6,2,3,3,3,0.46153846153846156,0.3076923076923077,0.23076923076923078,0.38461538461538464,0.46153846153846156,0.3333333333333333,0.3333333333333333,0.3333333333333333,0.3333333333333333,0.5,0.5714285714285714,0.2857142857142857,0.14285714285714285,0.42857142857142855,0.42857142857142855
53,3.0,UANL,1.3846153846153846,0.8461538461538461,0.49230769230769234,0.47692307692307695,13,7,6,6,3,4,4,1,2,2,2,2,5,7,2,4,3,3,0.46153846153846156,0.23076923076923078,0.3076923076923077,0.38461538461538464,0.5384615384615384,0.5714285714285714,0.14285714285714285,0.2857142857142857,0.2857142857142857,0.5714285714285714,0.3333333333333333,0.3333333333333333,0.3333333333333333,0.5,0.5
54,4.0,America,1.8461538461538463,0.7692307692307693,1.0538461538461539,0.33076923076923076,13,7,6,10,3,0,6,1,0,4,2,0,5,2,4,1,1,1,0.7692307692307693,0.23076923076923078,0.0,0.38461538461538464,0.15384615384615385,0.8571428571428571,0.14285714285714285,0.0,0.5714285714285714,0.14285714285714285,0.6666666666666666,0.3333333333333333,0.0,0.16666666666666666,0.16666666666666666
55,4.0,Atlas,0.6153846153846154,1.6153846153846154,0.39230769230769236,0.7769230769230769,13,7,6,1,8,4,1,4,2,0,4,2,5,6,3,4,2,2,0.07692307692307693,0.6153846153846154,0.3076923076923077,0.38461538461538464,0.46153846153846156,0.14285714285714285,0.5714285714285714,0.2857142857142857,0.42857142857142855,0.5714285714285714,0.0,0.6666666666666666,0.3333333333333333,0.3333333333333333,0.3333333333333333
56,4.0,Atletico,1.2,1.2,1.56,1.7,5,1,4,2,1,2,0,1,0,2,0,2,2,3,0,0,2,3,0.4,0.2,0.4,0.4,0.6,0.0,1.0,0.0,0.0,0.0,0.5,0.0,0.5,0.5,0.75
57,4.0,Cruz_Azul,1.3076923076923077,1.1538461538461537,0.7846153846153846,0.7692307692307693,13,8,5,4,4,5,3,2,3,1,2,2,6,7,5,4,1,3,0.3076923076923077,0.3076923076923077,0.38461538461538464,0.46153846153846156,0.5384615384615384,0.375,0.25,0.375,0.625,0.5,0.2,0.4,0.4,0.2,0.6
58,4.0,FC_Juarez,0.8,1.6,1.3800000000000001,0.9600000000000002,5,4,1,0,3,2,0,2,2,0,1,0,2,4,2,4,0,0,0.0,0.6,0.4,0.4,0.8,0.0,0.5,0.5,0.5,1.0,0.0,1.0,0.0,0.0,0.0
59,4.0,Guadalajara,0.7692307692307693,1.0769230769230769,0.6538461538461539,0.6,13,5,8,3,6,4,0,3,2,3,3,2,5,6,2,2,3,4,0.23076923076923078,0.46153846153846156,0.3076923076923077,0.38461538461538464,0.46153846153846156,0.0,0.6,0.4,0.4,0.4,0.375,0.375,0.25,0.375,0.5
60,4.0,Leon,1.3846153846153846,0.7692307692307693,1.0692307692307692,0.6230769230769231,13,8,5,7,4,2,4,4,0,3,0,2,7,1,5,1,2,0,0.5384615384615384,0.3076923076923077,0.15384615384615385,0.5384615384615384,0.07692307692307693,0.5,0.5,0.0,0.625,0.125,0.6,0.0,0.4,0.4,0.0
61,4.0,Mazatlan,1.2,1.8,1.6,1.52,5,3,2,1,3,1,1,1,1,0,2,0,3,3,1,2,2,1,0.2,0.6,0.2,0.6,0.6,0.3333333333333333,0.3333333333333333,0.3333333333333333,0.3333333333333333,0.6666666666666666,0.0,1.0,0.0,1.0,0.5
62,4.0,Monterrey,1.6923076923076923,1.3076923076923077,0.8153846153846154,0.7,13,6,7,6,5,2,3,1,2,3,4,0,10,8,4,5,6,3,0.46153846153846156,0.38461538461538464,0.15384615384615385,0.7692307692307693,0.6153846153846154,0.5,0.16666666666666666,0.3333333333333333,0.6666666666666666,0.8333333333333334,0.42857142857142855,0.5714285714285714,0.0,0.8571428571428571,0.42857142857142855
63,4.0,Necaxa,0.9090909090909091,1.5454545454545454,0.7363636363636363,1.0363636363636364,11,5,6,2,6,3,1,2,2,1,4,1,6,5,3,2,3,3,0.18181818181818182,0.5454545454545454,0.2727272727272727,0.5454545454545454,0.45454545454545453,0.2,0.4,0.4,0.6,0.4,0.16666666666666666,0.6666666666666666,0.16666666666666666,0.5,0.5
64,4.0,Pachuca,1.6153846153846154,1.0769230769230769,0.8923076923076925,0.6846153846153846,13,6,7,6,3,4,5,0,1,1,3,3,7,8,3,2,4,6,0.46153846153846156,0.23076923076923078,0.3076923076923077,0.5384615384615384,0.6153846153846154,0.8333333333333334,0.0,0.16666666666666666,0.5,0.3333333333333333,0.14285714285714285,0.42857142857142855,0.42857142857142855,0.5714285714285714,0.8571428571428571
65,4.0,Puebla,1.0,1.6153846153846154,0.7076923076923076,1.176923076923077,13,6,7,1,7,5,0,4,2,1,3,3,7,9,3,4,4,5,0.07692307692307693,0.5384615384615384,0.38461538461538464,0.5384615384615384,0.6923076923076923,0.0,0.6666666666666666,0.3333333333333333,0.5,0.6666666666666666,0.14285714285714285,0.42857142857142855,0.42857142857142855,0.5714285714285714,0.7142857142857143
66,4.0,Pumas_UNAM,1.1538461538461537,0.7692307692307693,0.7076923076923076,0.8615384615384615,13,6,7,3,3,7,3,0,3,0,3,4,3,5,2,3,1,2,0.23076923076923078,0.23076923076923078,0.5384615384615384,0.23076923076923078,0.38461538461538464,0.5,0.0,0.5,0.3333333333333333,0.5,0.0,0.42857142857142855,0.5714285714285714,0.14285714285714285,0.2857142857142857
67,4.0,Queretaro,0.9230769230769231,1.7692307692307692,0.7307692307692307,1.0692307692307692,13,6,7,3,6,4,2,3,1,1,3,3,8,6,5,3,3,3,0.23076923076923078,0.46153846153846156,0.3076923076923077,0.6153846153846154,0.46153846153846156,0.3333333333333333,0.5,0.16666666666666666,0.8333333333333334,0.5,0.14285714285714285,0.42857142857142855,0.42857142857142855,0.42857142857142855,0.42857142857142855
68,4.0,Santos_Laguna,1.4615384615384615,1.6923076923076923,0.5846153846153845,0.8999999999999999,13,5,8,2,5,6,1,1,3,1,4,3,9,10,2,3,7,7,0.15384615384615385,0.38461538461538464,0.46153846153846156,0.6923076923076923,0.7692307692307693,0.2,0.2,0.6,0.4,0.6,0.125,0.5,0.375,0.875,0.875
69,4.0,Tijuana,1.3076923076923077,0.7692307692307693,0.8,0.5461538461538461,13,7,6,6,3,4,4,1,2,2,2,2,3,6,1,2,2,4,0.46153846153846156,0.23076923076923078,0.3076923076923077,0.23076923076923078,0.46153846153846156,0.5714285714285714,0.14285714285714285,0.2857142857142857,0.14285714285714285,0.2857142857142857,0.3333333333333333,0.3333333333333333,0.3333333333333333,0.3333333333333333,0.6666666666666666
70,4.0,Toluca,1.0,0.8461538461538461,0.676923076923077,0.8538461538461538,13,5,8,5,2,6,3,0,2,2,2,4,4,5,3,3,1,2,0.38461538461538464,0.15384615384615385,0.46153846153846156,0.3076923076923077,0.38461538461538464,0.6,0.0,0.4,0.6,0.6,0.25,0.25,0.5,0.125,0.25
71,4.0,UANL,1.4615384615384615,1.0769230769230769,0.9615384615384616,0.6846153846153846,13,7,6,6,4,3,3,3,1,3,1,2,7,7,4,4,3,3,0.46153846153846156,0.3076923076923077,0.23076923076923078,0.5384615384615384,0.5384615384615384,0.42857142857142855,0.42857142857142855,0.14285714285714285,0.5714285714285714,0.5714285714285714,0.5,0.16666666666666666,0.3333333333333333,0.5,0.5
72,5.0,America,1.7692307692307692,1.6923076923076923,0.8153846153846154,0.5692307692307692,13,5,8,4,3,6,1,1,3,3,2,3,8,10,3,3,5,7,0.3076923076923077,0.23076923076923078,0.46153846153846156,0.6153846153846154,0.7692307692307693,0.2,0.2,0.6,0.6,0.6,0.375,0.25,0.375,0.625,0.875
73,5.0,Atlas,1.0,1.4615384615384615,0.5769230769230769,0.6923076923076923,13,6,7,3,5,5,2,2,2,1,3,3,7,9,3,4,4,5,0.23076923076923078,0.38461538461538464,0.38461538461538464,0.5384615384615384,0.6923076923076923,0.3333333333333333,0.3333333333333333,0.3333333333333333,0.5,0.6666666666666666,0.14285714285714285,0.42857142857142855,0.42857142857142855,0.5714285714285714,0.7142857142857143
74,5.0,Atletico,1.0,0.2,1.5,0.6,5,5,0,2,1,2,2,1,2,0,0,0,1,0,1,0,0,0,0.4,0.2,0.4,0.2,0.0,0.4,0.2,0.4,0.2,0.0,0.0,0.0,0.0,0.0,0.0
75,5.0,Cruz_Azul,1.0,1.3846153846153846,0.8153846153846154,0.6307692307692307,13,6,7,2,6,5,2,2,2,0,4,3,6,7,3,4,3,3,0.15384615384615385,0.46153846153846156,0.38461538461538464,0.46153846153846156,0.5384615384615384,0.3333333333333333,0.3333333333333333,0.3333333333333333,0.5,0.6666666666666666,0.0,0.5714285714285714,0.42857142857142855,0.42857142857142855,0.42857142857142855
76,5.0,FC_Juarez,1.6,1.2,0.9199999999999999,1.3599999999999999,5,4,1,2,2,1,1,2,1,1,0,0,3,3,2,2,1,1,0.4,0.4,0.2,0.6,0.6,0.25,0.5,0.25,0.5,0.5,1.0,0.0,0.0,1.0,1.0
77,5.0,Guadalajara,1.0,1.4615384615384615,0.8846153846153846,0.6384615384615385,13,8,5,3,5,5,2,3,3,1,2,2,5,7,2,4,3,3,0.23076923076923078,0.38461538461538464,0.38461538461538464,0.38461538461538464,0.5384615384615384,0.25,0.375,0.375,0.25,0.5,0.2,0.4,0.4,0.6,0.6
78,5.0,Leon,1.6153846153846154,1.8461538461538463,0.8,0.6615384615384615,13,5,8,5,8,0,2,3,0,3,5,0,10,6,3,3,7,3,0.38461538461538464,0.6153846153846154,0.0,0.7692307692307693,0.46153846153846156,0.4,0.6,0.0,0.6,0.6,0.375,0.625,0.0,0.875,0.375
79,5.0,Mazatlan,1.4,1.4,0.96,1.3599999999999999,5,2,3,2,1,2,2,0,0,0,1,2,3,4,1,1,2,3,0.4,0.2,0.4,0.6,0.8,1.0,0.0,0.0,0.5,0.5,0.0,0.3333333333333333,0.6666666666666666,0.6666666666666666,1.0
80,5.0,Monterrey,1.1538461538461537,1.0,0.8615384615384615,0.49230769230769234,13,7,6,5,2,6,4,1,2,1,1,4,4,9,3,4,1,5,0.38461538461538464,0.15384615384615385,0.46153846153846156,0.3076923076923077,0.6923076923076923,0.5714285714285714,0.14285714285714285,0.2857142857142857,0.42857142857142855,0.5714285714285714,0.16666666666666666,0.16666666666666666,0.6666666666666666,0.16666666666666666,0.8333333333333334
81,5.0,Necaxa,1.5454545454545454,1.0909090909090908,0.6181818181818182,0.8454545454545456,11,7,4,4,3,4,2,1,4,2,2,0,5,8,2,5,3,3,0.36363636363636365,0.2727272727272727,0.36363636363636365,0.45454545454545453,0.7272727272727273,0.2857142857142857,0.14285714285714285,0.5714285714285714,0.2857142857142857,0.7142857142857143,0.5,0.5,0.0,0.75,0.75
82,5.0,Pachuca,1.2307692307692308,1.2307692307692308,0.6384615384615385,0.7307692307692307,13,6,7,5,4,4,3,2,1,2,2,3,4,7,3,3,1,4,0.38461538461538464,0.3076923076923077,0.3076923076923077,0.3076923076923077,0.5384615384615384,0.5,0.3333333333333333,0.16666666666666666,0.5,0.5,0.2857142857142857,0.2857142857142857,0.42857142857142855,0.14285714285714285,0.5714285714285714
83,5.0,Puebla,1.4615384615384615,1.2307692307692308,0.46153846153846156,0.8538461538461538,13,6,7,5,5,3,4,0,2,1,5,1,5,8,2,4,3,4,0.38461538461538464,0.38461538461538464,0.23076923076923078,0.38461538461538464,0.6153846153846154,0.6666666666666666,0.0,0.3333333333333333,0.3333333333333333,0.6666666666666666,0.14285714285714285,0.7142857142857143,0.14285714285714285,0.42857142857142855,0.5714285714285714
84,5.0,Pumas_UNAM,1.0,1.8461538461538463,0.6230769230769231,0.7076923076923076,13,7,6,3,6,4,1,2,4,2,4,0,7,8,2,5,5,3,0.23076923076923078,0.46153846153846156,0.3076923076923077,0.5384615384615384,0.6153846153846154,0.14285714285714285,0.2857142857142857,0.5714285714285714,0.2857142857142857,0.7142857142857143,0.3333333333333333,0.6666666666666666,0.0,0.8333333333333334,0.5
85,5.0,Queretaro,1.2307692307692308,2.1538461538461537,0.5153846153846154,0.7153846153846154,13,7,6,1,7,5,0,4,3,1,3,2,10,10,6,6,4,4,0.07692307692307693,0.5384615384615384,0.38461538461538464,0.7692307692307693,0.7692307692307693,0.0,0.5714285714285714,0.42857142857142855,0.8571428571428571,0.8571428571428571,0.16666666666666666,0.5,0.3333333333333333,0.6666666666666666,0.6666666666666666
86,5.0,Santos_Laguna,1.2307692307692308,1.2307692307692308,0.5846153846153845,0.7307692307692307,13,9,4,4,3,6,3,2,4,1,1,2,6,9,4,6,2,3,0.3076923076923077,0.23076923076923078,0.46153846153846156,0.46153846153846156,0.6923076923076923,0.3333333333333333,0.2222222222222222,0.4444444444444444,0.4444444444444444,0.6666666666666666,0.25,0.25,0.5,0.5,0.75
87,5.0,Tijuana,1.0769230769230769,1.0769230769230769,0.5846153846153845,0.5230769230769231,13,6,7,4,3,6,3,1,2,1,2,4,4,8,2,4,2,4,0.3076923076923077,0.23076923076923078,0.46153846153846156,0.3076923076923077,0.6153846153846154,0.5,0.16666666666666666,0.3333333333333333,0.3333333333333333,0.6666666666666666,0.14285714285714285,0.2857142857142857,0.5714285714285714,0.2857142857142857,0.5714285714285714
88,5.0,Toluca,0.9230769230769231,1.1538461538461537,0.5153846153846154,0.7307692307692307,13,6,7,3,4,6,0,2,4,3,2,2,5,7,3,5,2,2,0.23076923076923078,0.3076923076923077,0.46153846153846156,0.38461538461538464,0.5384615384615384,0.0,0.3333333333333333,0.6666666666666666,0.5,0.8333333333333334,0.42857142857142855,0.2857142857142857,0.2857142857142857,0.2857142857142857,0.2857142857142857
89,5.0,UANL,1.9230769230769231,1.1538461538461537,0.8692307692307693,0.5307692307692308,13,5,8,8,4,1,5,0,0,3,4,1,8,7,4,3,4,4,0.6153846153846154,0.3076923076923077,0.07692307692307693,0.6153846153846154,0.5384615384615384,1.0,0.0,0.0,0.8,0.6,0.375,0.5,0.125,0.5,0.5
90,6.0,America,1.0,1.4615384615384615,0.7615384615384616,0.6384615384615385,13,7,6,4,6,3,3,3,1,1,3,2,5,7,3,3,2,4,0.3076923076923077,0.46153846153846156,0.23076923076923078,0.38461538461538464,0.5384615384615384,0.42857142857142855,0.42857142857142855,0.14285714285714285,0.42857142857142855,0.42857142857142855,0.16666666666666666,0.5,0.3333333333333333,0.3333333333333333,0.6666666666666666
91,6.0,Atlas,0.7692307692307693,1.3846153846153846,0.5076923076923077,0.9076923076923076,13,7,6,2,7,4,1,3,3,1,4,1,5,7,1,2,4,5,0.15384615384615385,0.5384615384615384,0.3076923076923077,0.38461538461538464,0.5384615384615384,0.14285714285714285,0.42857142857142855,0.42857142857142855,0.14285714285714285,0.2857142857142857,0.16666666666666666,0.6666666666666666,0.16666666666666666,0.6666666666666666,0.8333333333333334
92,6.0,Atletico,1.0,1.0,1.08,1.26,5,0,5,1,2,2,0,0,0,1,2,2,2,2,0,0,2,2,0.2,0.4,0.4,0.4,0.4,0.0,0.0,0.0,0.0,0.0,0.2,0.4,0.4,0.4,0.4
93,6.0,Cruz_Azul,1.7692307692307692,0.8461538461538461,0.6615384615384615,0.5692307692307692,13,5,8,7,1,5,4,1,0,3,0,5,6,8,2,1,4,7,0.5384615384615384,0.07692307692307693,0.38461538461538464,0.46153846153846156,0.6153846153846154,0.8,0.2,0.0,0.4,0.2,0.375,0.0,0.625,0.5,0.875
94,6.0,FC_Juarez,1.2,1.4,0.8400000000000001,1.3599999999999999,5,3,2,1,3,1,1,1,1,0,2,0,2,3,2,3,0,0,0.2,0.6,0.2,0.4,0.6,0.3333333333333333,0.3333333333333333,0.3333333333333333,0.6666666666666666,1.0,0.0,1.0,0.0,0.0,0.0
95,6.0,Guadalajara,1.2307692307692308,0.9230769230769231,0.5692307692307692,0.5384615384615384,13,5,8,5,3,5,2,1,2,3,2,3,6,7,3,2,3,5,0.38461538461538464,0.23076923076923078,0.38461538461538464,0.46153846153846156,0.5384615384615384,0.4,0.2,0.4,0.6,0.4,0.375,0.25,0.375,0.375,0.625
96,6.0,Leon,1.6923076923076923,0.7692307692307693,0.9538461538461539,0.6153846153846154,13,8,5,9,1,3,7,0,1,2,1,2,7,8,5,6,2,2,0.6923076923076923,0.07692307692307693,0.23076923076923078,0.5384615384615384,0.6153846153846154,0.875,0.0,0.125,0.625,0.75,0.4,0.2,0.4,0.4,0.4
97,6.0,Mazatlan,0.6,2.2,0.6399999999999999,1.26,5,2,3,0,4,1,0,2,0,0,2,1,2,2,2,1,0,1,0.0,0.8,0.2,0.4,0.4,0.0,1.0,0.0,1.0,0.5,0.0,0.6666666666666666,0.3333333333333333,0.0,0.3333333333333333
98,6.0,Monterrey,1.0,1.4615384615384615,0.5692307692307692,0.46153846153846156,13,4,9,4,5,4,2,0,2,2,5,2,6,5,0,0,6,5,0.3076923076923077,0.38461538461538464,0.3076923076923077,0.46153846153846156,0.38461538461538464,0.5,0.0,0.5,0.0,0.0,0.2222222222222222,0.5555555555555556,0.2222222222222222,0.6666666666666666,0.5555555555555556
99,6.0,Necaxa,0.9090909090909091,1.0909090909090908,0.4454545454545455,1.0181818181818183,11,4,7,3,5,3,2,1,1,1,4,2,4,7,1,2,3,5,0.2727272727272727,0.45454545454545453,0.2727272727272727,0.36363636363636365,0.6363636363636364,0.5,0.25,0.25,0.25,0.5,0.14285714285714285,0.5714285714285714,0.2857142857142857,0.42857142857142855,0.7142857142857143
100,6.0,Pachuca,1.6923076923076923,1.3846153846153846,0.7923076923076924,0.7,13,6,7,5,4,4,3,1,2,2,3,2,7,10,3,5,4,5,0.38461538461538464,0.3076923076923077,0.3076923076923077,0.5384615384615384,0.7692307692307693,0.5,0.16666666666666666,0.3333333333333333,0.5,0.8333333333333334,0.2857142857142857,0.42857142857142855,0.2857142857142857,0.5714285714285714,0.7142857142857143
101,6.0,Puebla,0.8461538461538461,1.1538461538461537,0.8,0.7846153846153847,13,8,5,3,4,6,3,1,4,0,3,2,3,5,2,3,1,2,0.23076923076923078,0.3076923076923077,0.46153846153846156,0.23076923076923078,0.38461538461538464,0.375,0.125,0.5,0.25,0.375,0.0,0.6,0.4,0.2,0.4
102,6.0,Pumas_UNAM,1.6923076923076923,1.4615384615384615,0.6461538461538462,0.6,13,7,6,5,2,6,4,0,3,1,2,3,5,9,2,5,3,4,0.38461538461538464,0.15384615384615385,0.46153846153846156,0.38461538461538464,0.6923076923076923,0.5714285714285714,0.0,0.42857142857142855,0.2857142857142857,0.7142857142857143,0.16666666666666666,0.3333333333333333,0.5,0.5,0.6666666666666666
103,6.0,Queretaro,0.9230769230769231,2.230769230769231,0.6461538461538462,0.7,13,6,7,3,10,0,2,4,0,1,6,0,6,5,1,1,5,4,0.23076923076923078,0.7692307692307693,0.0,0.46153846153846156,0.38461538461538464,0.3333333333333333,0.6666666666666666,0.0,0.16666666666666666,0.16666666666666666,0.14285714285714285,0.8571428571428571,0.0,0.7142857142857143,0.5714285714285714
104,6.0,Santos_Laguna,1.7692307692307692,1.5384615384615385,0.9153846153846155,0.823076923076923,13,5,8,3,6,4,3,1,1,0,5,3,9,9,4,2,5,7,0.23076923076923078,0.46153846153846156,0.3076923076923077,0.6923076923076923,0.6923076923076923,0.6,0.2,0.2,0.8,0.4,0.0,0.625,0.375,0.625,0.875
105,6.0,Tijuana,1.1538461538461537,1.3076923076923077,0.6615384615384615,0.4461538461538461,13,7,6,4,4,5,3,1,3,1,3,2,5,6,1,2,4,4,0.3076923076923077,0.3076923076923077,0.38461538461538464,0.38461538461538464,0.46153846153846156,0.42857142857142855,0.14285714285714285,0.42857142857142855,0.14285714285714285,0.2857142857142857,0.16666666666666666,0.5,0.3333333333333333,0.6666666666666666,0.6666666666666666
106,6.0,Toluca,1.0769230769230769,1.8461538461538463,0.5384615384615384,0.7538461538461539,13,6,7,4,6,3,4,2,0,0,4,3,8,9,5,5,3,4,0.3076923076923077,0.46153846153846156,0.23076923076923078,0.6153846153846154,0.6923076923076923,0.6666666666666666,0.3333333333333333,0.0,0.8333333333333334,0.8333333333333334,0.0,0.5714285714285714,0.42857142857142855,0.42857142857142855,0.5714285714285714
107,6.0,UANL,2.3076923076923075,1.0769230769230769,0.8923076923076922,0.5153846153846154,13,8,5,10,0,3,7,0,1,3,0,2,9,10,7,8,2,2,0.7692307692307693,0.0,0.23076923076923078,0.6923076923076923,0.7692307692307693,0.875,0.0,0.125,0.875,1.0,0.6,0.0,0.4,0.4,0.4
108,7.0,America,1.7692307692307692,1.2307692307692308,0.8692307692307693,0.4538461538461539,13,4,9,5,3,5,1,2,1,4,1,4,9,10,4,3,5,7,0.38461538461538464,0.23076923076923078,0.38461538461538464,0.6923076923076923,0.7692307692307693,0.25,0.5,0.25,1.0,0.75,0.4444444444444444,0.1111111111111111,0.4444444444444444,0.5555555555555556,0.7777777777777778
109,7.0,Atlas,0.6923076923076923,1.3076923076923077,0.6461538461538462,0.6692307692307692,13,5,8,2,7,4,2,2,1,0,5,3,3,6,1,1,2,5,0.15384615384615385,0.5384615384615384,0.3076923076923077,0.23076923076923078,0.46153846153846156,0.4,0.4,0.2,0.2,0.2,0.0,0.625,0.375,0.25,0.625
110,7.0,Atletico,1.6,1.2,1.08,1.18,5,2,3,2,1,2,1,1,0,1,0,2,2,3,1,1,1,2,0.4,0.2,0.4,0.4,0.6,0.5,0.5,0.0,0.5,0.5,0.3333333333333333,0.0,0.6666666666666666,0.3333333333333333,0.6666666666666666
111,7.0,Cruz_Azul,1.1538461538461537,1.6153846153846154,0.7384615384615384,0.5615384615384615,13,8,5,2,5,6,2,4,2,0,1,4,7,10,4,6,3,4,0.15384615384615385,0.38461538461538464,0.46153846153846156,0.5384615384615384,0.7692307692307693,0.25,0.5,0.25,0.5,0.75,0.0,0.2,0.8,0.6,0.8
112,7.0,FC_Juarez,1.0,1.0,0.6799999999999999,1.16,5,2,3,1,1,3,1,0,1,0,1,2,1,3,1,2,0,1,0.2,0.2,0.6,0.2,0.6,0.5,0.0,0.5,0.5,1.0,0.0,0.3333333333333333,0.6666666666666666,0.0,0.3333333333333333
113,7.0,Guadalajara,1.4615384615384615,1.5384615384615385,0.8076923076923077,0.8692307692307693,13,8,5,5,6,2,3,4,1,2,2,1,11,10,6,6,5,4,0.38461538461538464,0.46153846153846156,0.15384615384615385,0.8461538461538461,0.7692307692307693,0.375,0.5,0.125,0.75,0.75,0.4,0.4,0.2,1.0,0.8
114,7.0,Leon,1.1538461538461537,1.6153846153846154,0.7230769230769231,0.5846153846153846,13,6,7,4,5,4,2,1,3,2,4,1,7,7,3,4,4,3,0.3076923076923077,0.38461538461538464,0.3076923076923077,0.5384615384615384,0.5384615384615384,0.3333333333333333,0.16666666666666666,0.5,0.5,0.6666666666666666,0.2857142857142857,0.5714285714285714,0.14285714285714285,0.5714285714285714,0.42857142857142855
115,7.0,Mazatlan,1.4,2.0,0.9800000000000001,1.54,5,2,3,1,2,2,1,0,1,0,2,1,4,5,2,2,2,3,0.2,0.4,0.4,0.8,1.0,0.5,0.0,0.5,1.0,1.0,0.0,0.6666666666666666,0.3333333333333333,0.6666666666666666,1.0
116,7.0,Monterrey,1.9230769230769231,1.0,1.0384615384615385,0.5692307692307692,13,8,5,9,2,2,7,1,0,2,1,2,7,8,5,5,2,3,0.6923076923076923,0.15384615384615385,0.15384615384615385,0.5384615384615384,0.6153846153846154,0.875,0.125,0.0,0.625,0.625,0.4,0.2,0.4,0.4,0.6
117,7.0,Necaxa,1.6363636363636365,1.1818181818181819,0.6181818181818182,0.7909090909090909,11,5,6,6,4,1,3,2,0,3,2,1,7,7,3,2,4,5,0.5454545454545454,0.36363636363636365,0.09090909090909091,0.6363636363636364,0.6363636363636364,0.6,0.4,0.0,0.6,0.4,0.5,0.3333333333333333,0.16666666666666666,0.6666666666666666,0.8333333333333334
118,7.0,Pachuca,1.6153846153846154,1.6923076923076923,0.6384615384615385,0.7923076923076924,13,7,6,5,5,3,3,1,3,2,4,0,9,8,4,5,5,3,0.38461538461538464,0.38461538461538464,0.23076923076923078,0.6923076923076923,0.6153846153846154,0.42857142857142855,0.14285714285714285,0.42857142857142855,0.5714285714285714,0.7142857142857143,0.3333333333333333,0.6666666666666666,0.0,0.8333333333333334,0.5
119,7.0,Puebla,1.3846153846153846,1.0,0.5153846153846154,0.823076923076923,13,6,7,6,2,5,4,1,1,2,1,4,5,8,3,3,2,5,0.46153846153846156,0.15384615384615385,0.38461538461538464,0.38461538461538464,0.6153846153846154,0.6666666666666666,0.16666666666666666,0.16666666666666666,0.5,0.5,0.2857142857142857,0.14285714285714285,0.5714285714285714,0.2857142857142857,0.7142857142857143
120,7.0,Pumas_UNAM,1.0,2.076923076923077,0.5307692307692308,0.9769230769230769,13,5,8,1,9,3,0,2,3,1,7,0,11,9,4,3,7,6,0.07692307692307693,0.6923076923076923,0.23076923076923078,0.8461538461538461,0.6923076923076923,0.0,0.4,0.6,0.8,0.6,0.125,0.875,0.0,0.875,0.75
121,7.0,Queretaro,0.7692307692307693,1.2307692307692308,0.5153846153846154,0.7307692307692307,13,6,7,3,7,3,2,1,3,1,6,0,3,5,1,3,2,2,0.23076923076923078,0.5384615384615384,0.23076923076923078,0.23076923076923078,0.38461538461538464,0.3333333333333333,0.16666666666666666,0.5,0.16666666666666666,0.5,0.14285714285714285,0.8571428571428571,0.0,0.2857142857142857,0.2857142857142857
122,7.0,Santos_Laguna,1.3846153846153846,1.0,0.823076923076923,0.6230769230769231,13,6,7,7,3,3,4,0,2,3,3,1,7,7,3,3,4,4,0.5384615384615384,0.23076923076923078,0.23076923076923078,0.5384615384615384,0.5384615384615384,0.6666666666666666,0.0,0.3333333333333333,0.5,0.5,0.42857142857142855,0.42857142857142855,0.14285714285714285,0.5714285714285714,0.5714285714285714
123,7.0,Tijuana,1.2307692307692308,1.2307692307692308,0.7,0.7384615384615384,13,7,6,6,4,3,5,0,2,1,4,1,7,7,3,3,4,4,0.46153846153846156,0.3076923076923077,0.23076923076923078,0.5384615384615384,0.5384615384615384,0.7142857142857143,0.0,0.2857142857142857,0.42857142857142855,0.42857142857142855,0.16666666666666666,0.6666666666666666,0.16666666666666666,0.6666666666666666,0.6666666666666666
124,7.0,Toluca,1.7692307692307692,1.4615384615384615,1.0230769230769232,0.7615384615384616,13,7,6,8,4,1,4,2,1,4,2,0,9,8,5,5,4,3,0.6153846153846154,0.3076923076923077,0.07692307692307693,0.6923076923076923,0.6153846153846154,0.5714285714285714,0.2857142857142857,0.14285714285714285,0.7142857142857143,0.7142857142857143,0.6666666666666666,0.3333333333333333,0.0,0.6666666666666666,0.5
125,7.0,UANL,1.5384615384615385,0.6153846153846154,1.1846153846153846,0.5153846153846154,13,6,7,8,2,3,4,0,2,4,2,1,4,4,3,3,1,1,0.6153846153846154,0.15384615384615385,0.23076923076923078,0.3076923076923077,0.3076923076923077,0.6666666666666666,0.0,0.3333333333333333,0.5,0.5,0.5714285714285714,0.2857142857142857,0.14285714285714285,0.14285714285714285,0.14285714285714285
126,8.0,America,1.7692307692307692,0.8461538461538461,0.8461538461538461,0.35384615384615387,13,8,5,11,1,1,7,0,1,4,1,0,8,7,3,4,5,3,0.8461538461538461,0.07692307692307693,0.07692307692307693,0.6153846153846154,0.5384615384615384,0.875,0.0,0.125,0.375,0.5,0.8,0.2,0.0,1.0,0.6
127,8.0,Atlas,0.7692307692307693,1.2307692307692308,0.5153846153846153,0.6384615384615385,13,6,7,4,8,1,2,4,0,2,4,1,3,4,2,2,1,2,0.3076923076923077,0.6153846153846154,0.07692307692307693,0.23076923076923078,0.3076923076923077,0.3333333333333333,0.6666666666666666,0.0,0.3333333333333333,0.3333333333333333,0.2857142857142857,0.5714285714285714,0.14285714285714285,0.14285714285714285,0.2857142857142857
128,8.0,Atletico,2.0,1.8,1.3,1.26,5,4,1,1,2,2,1,1,2,0,1,0,4,5,3,4,1,1,0.2,0.4,0.4,0.8,1.0,0.25,0.25,0.5,0.75,1.0,0.0,1.0,0.0,1.0,1.0
129,8.0,Cruz_Azul,1.2307692307692308,1.6923076923076923,0.6384615384615385,0.8461538461538461,13,6,7,2,6,5,2,2,2,0,4,3,7,9,3,5,4,4,0.15384615384615385,0.46153846153846156,0.38461538461538464,0.5384615384615384,0.6923076923076923,0.3333333333333333,0.3333333333333333,0.3333333333333333,0.5,0.8333333333333334,0.0,0.5714285714285714,0.42857142857142855,0.5714285714285714,0.5714285714285714
130,8.0,FC_Juarez,0.8,1.0,0.8,0.9400000000000001,5,3,2,1,2,2,1,1,1,0,1,1,2,3,1,1,1,2,0.2,0.4,0.4,0.4,0.6,0.3333333333333333,0.3333333333333333,0.3333333333333333,0.3333333333333333,0.3333333333333333,0.0,0.5,0.5,0.5,1.0
131,8.0,Guadalajara,1.6153846153846154,1.3846153846153846,0.5307692307692308,0.8153846153846154,13,5,8,6,3,4,2,1,2,4,2,2,8,9,1,3,7,6,0.46153846153846156,0.23076923076923078,0.3076923076923077,0.6153846153846154,0.6923076923076923,0.4,0.2,0.4,0.2,0.6,0.5,0.25,0.25,0.875,0.75
132,8.0,Leon,1.4615384615384615,1.4615384615384615,0.823076923076923,0.6538461538461539,13,7,6,4,5,4,2,2,3,2,3,1,9,9,4,4,5,5,0.3076923076923077,0.38461538461538464,0.3076923076923077,0.6923076923076923,0.6923076923076923,0.2857142857142857,0.2857142857142857,0.42857142857142855,0.5714285714285714,0.5714285714285714,0.3333333333333333,0.5,0.16666666666666666,0.8333333333333334,0.8333333333333334
133,8.0,Mazatlan,1.2,1.2,0.9800000000000001,1.34,5,3,2,1,2,2,0,1,2,1,1,0,3,2,2,2,1,0,0.2,0.4,0.4,0.6,0.4,0.0,0.3333333333333333,0.6666666666666666,0.6666666666666666,0.6666666666666666,0.5,0.5,0.0,0.5,0.0
134,8.0,Monterrey,1.2307692307692308,1.4615384615384615,0.6692307692307692,0.5846153846153845,13,7,6,4,5,4,3,2,2,1,3,2,9,8,5,5,4,3,0.3076923076923077,0.38461538461538464,0.3076923076923077,0.6923076923076923,0.6153846153846154,0.42857142857142855,0.2857142857142857,0.2857142857142857,0.7142857142857143,0.7142857142857143,0.16666666666666666,0.5,0.3333333333333333,0.6666666666666666,0.5
135,8.0,Necaxa,1.0909090909090908,1.5454545454545454,0.6727272727272727,0.790909090909091,11,5,6,1,4,6,1,1,3,0,3,3,6,9,2,5,4,4,0.09090909090909091,0.36363636363636365,0.5454545454545454,0.5454545454545454,0.8181818181818182,0.2,0.2,0.6,0.4,1.0,0.0,0.5,0.5,0.6666666666666666,0.6666666666666666
136,8.0,Pachuca,1.1538461538461537,1.6153846153846154,0.7461538461538461,0.7076923076923076,13,7,6,5,7,1,3,3,1,2,4,0,7,3,5,3,2,0,0.38461538461538464,0.5384615384615384,0.07692307692307693,0.5384615384615384,0.23076923076923078,0.42857142857142855,0.42857142857142855,0.14285714285714285,0.7142857142857143,0.42857142857142855,0.3333333333333333,0.6666666666666666,0.0,0.3333333333333333,0.0
137,8.0,Puebla,1.3076923076923077,1.3846153846153846,0.6538461538461539,0.6153846153846154,13,6,7,4,4,5,1,3,2,3,1,3,6,9,3,4,3,5,0.3076923076923077,0.3076923076923077,0.38461538461538464,0.46153846153846156,0.6923076923076923,0.16666666666666666,0.5,0.3333333333333333,0.5,0.6666666666666666,0.42857142857142855,0.14285714285714285,0.42857142857142855,0.42857142857142855,0.7142857142857143
138,8.0,Pumas_UNAM,1.4615384615384615,1.7692307692307692,1.0230769230769232,0.7923076923076924,13,8,5,3,7,3,3,3,2,0,4,1,8,8,5,5,3,3,0.23076923076923078,0.5384615384615384,0.23076923076923078,0.6153846153846154,0.6153846153846154,0.375,0.375,0.25,0.625,0.625,0.0,0.8,0.2,0.6,0.6
139,8.0,Queretaro,1.6153846153846154,1.0769230769230769,0.5,0.7230769230769231,13,8,5,4,2,7,3,1,4,1,1,3,7,10,5,5,2,5,0.3076923076923077,0.15384615384615385,0.5384615384615384,0.5384615384615384,0.7692307692307693,0.375,0.125,0.5,0.625,0.625,0.2,0.2,0.6,0.4,1.0
140,8.0,Santos_Laguna,1.3846153846153846,2.076923076923077,0.7384615384615384,0.9076923076923078,13,7,6,5,7,1,3,4,0,2,3,1,9,9,5,4,4,5,0.38461538461538464,0.5384615384615384,0.07692307692307693,0.6923076923076923,0.6923076923076923,0.42857142857142855,0.5714285714285714,0.0,0.7142857142857143,0.5714285714285714,0.3333333333333333,0.5,0.16666666666666666,0.6666666666666666,0.8333333333333334
141,8.0,Tijuana,1.9230769230769231,1.6153846153846154,0.6615384615384615,0.6461538461538462,13,6,7,6,5,2,3,2,1,3,3,1,10,10,6,6,4,4,0.46153846153846156,0.38461538461538464,0.15384615384615385,0.7692307692307693,0.7692307692307693,0.5,0.3333333333333333,0.16666666666666666,1.0,1.0,0.42857142857142855,0.42857142857142855,0.14285714285714285,0.5714285714285714,0.5714285714285714
142,8.0,Toluca,1.9230769230769231,0.6923076923076923,0.8384615384615385,0.6230769230769231,13,6,7,8,1,4,5,0,1,3,1,3,6,7,3,4,3,3,0.6153846153846154,0.07692307692307693,0.3076923076923077,0.46153846153846156,0.5384615384615384,0.8333333333333334,0.0,0.16666666666666666,0.5,0.6666666666666666,0.42857142857142855,0.14285714285714285,0.42857142857142855,0.42857142857142855,0.42857142857142855
143,8.0,UANL,1.0,0.6923076923076923,0.7846153846153846,0.7615384615384616,13,9,4,5,3,5,4,1,4,1,2,1,3,3,3,2,0,1,0.38461538461538464,0.23076923076923078,0.38461538461538464,0.23076923076923078,0.23076923076923078,0.4444444444444444,0.1111111111111111,0.4444444444444444,0.3333333333333333,0.2222222222222222,0.25,0.5,0.25,0.0,0.25
144,9.0,America,2.1538461538461537,1.0769230769230769,0.8461538461538461,0.6538461538461539,13,4,9,5,3,5,2,1,1,3,2,4,7,9,3,3,4,6,0.38461538461538464,0.23076923076923078,0.38461538461538464,0.5384615384615384,0.6923076923076923,0.5,0.25,0.25,0.75,0.75,0.3333333333333333,0.2222222222222222,0.4444444444444444,0.4444444444444444,0.6666666666666666
145,9.0,Atlas,1.6153846153846154,1.0,0.3923076923076923,0.5538461538461538,13,7,6,7,3,3,3,2,2,4,1,1,6,5,3,3,3,2,0.5384615384615384,0.23076923076923078,0.23076923076923078,0.46153846153846156,0.38461538461538464,0.42857142857142855,0.2857142857142857,0.2857142857142857,0.42857142857142855,0.42857142857142855,0.6666666666666666,0.16666666666666666,0.16666666666666666,0.5,0.3333333333333333
146,9.0,Atletico,1.2,1.4,1.42,1.6200000000000003,5,2,3,2,2,1,2,0,0,0,2,1,2,3,2,2,0,1,0.4,0.4,0.2,0.4,0.6,1.0,0.0,0.0,1.0,1.0,0.0,0.6666666666666666,0.3333333333333333,0.0,0.3333333333333333
147,9.0,Cruz_Azul,1.1538461538461537,1.2307692307692308,0.7384615384615384,0.5846153846153845,13,9,4,5,6,2,3,4,2,2,2,0,5,6,4,5,1,1,0.38461538461538464,0.46153846153846156,0.15384615384615385,0.38461538461538464,0.46153846153846156,0.3333333333333333,0.4444444444444444,0.2222222222222222,0.4444444444444444,0.5555555555555556,0.5,0.5,0.0,0.25,0.25
148,9.0,FC_Juarez,0.8,1.0,0.8800000000000001,1.1800000000000002,5,2,3,2,3,0,0,2,0,2,1,0,2,2,2,2,0,0,0.4,0.6,0.0,0.4,0.4,0.0,1.0,0.0,1.0,1.0,0.6666666666666666,0.3333333333333333,0.0,0.0,0.0
149,9.0,Guadalajara,1.3846153846153846,0.6153846153846154,0.7846153846153846,0.5538461538461539,13,8,5,6,2,5,4,1,3,2,1,2,4,5,2,3,2,2,0.46153846153846156,0.15384615384615385,0.38461538461538464,0.3076923076923077,0.38461538461538464,0.5,0.125,0.375,0.25,0.375,0.4,0.2,0.4,0.4,0.4
150,9.0,Leon,1.2307692307692308,1.2307692307692308,0.5846153846153845,0.4846153846153846,13,7,6,6,6,1,4,2,1,2,4,0,7,5,3,3,4,2,0.46153846153846156,0.46153846153846156,0.07692307692307693,0.5384615384615384,0.38461538461538464,0.5714285714285714,0.2857142857142857,0.14285714285714285,0.42857142857142855,0.42857142857142855,0.3333333333333333,0.6666666666666666,0.0,0.6666666666666666,0.3333333333333333
151,9.0,Mazatlan,1.8,1.8,1.1,1.42,5,3,2,1,2,2,1,0,2,0,2,0,4,5,2,3,2,2,0.2,0.4,0.4,0.8,1.0,0.3333333333333333,0.0,0.6666666666666666,0.6666666666666666,1.0,0.0,1.0,0.0,1.0,1.0
152,9.0,Monterrey,1.6923076923076923,0.8461538461538461,0.8461538461538461,0.38461538461538464,13,6,7,6,3,4,5,0,1,1,3,3,5,7,3,2,2,5,0.46153846153846156,0.23076923076923078,0.3076923076923077,0.38461538461538464,0.5384615384615384,0.8333333333333334,0.0,0.16666666666666666,0.5,0.3333333333333333,0.14285714285714285,0.42857142857142855,0.42857142857142855,0.2857142857142857,0.7142857142857143
153,9.0,Necaxa,1.1818181818181819,1.2727272727272727,0.7909090909090909,0.990909090909091,11,7,4,3,4,4,1,4,2,2,0,2,5,6,2,3,3,3,0.2727272727272727,0.36363636363636365,0.36363636363636365,0.45454545454545453,0.5454545454545454,0.14285714285714285,0.5714285714285714,0.2857142857142857,0.2857142857142857,0.42857142857142855,0.5,0.0,0.5,0.75,0.75
154,9.0,Pachuca,1.0,1.0769230769230769,0.7461538461538461,0.46923076923076923,13,5,8,4,4,5,3,0,2,1,4,3,4,5,1,1,3,4,0.3076923076923077,0.3076923076923077,0.38461538461538464,0.3076923076923077,0.38461538461538464,0.6,0.0,0.4,0.2,0.2,0.125,0.5,0.375,0.375,0.5
155,9.0,Puebla,0.9230769230769231,1.2307692307692308,0.6153846153846154,1.0153846153846153,13,5,8,1,5,7,0,2,3,1,3,4,4,7,2,3,2,4,0.07692307692307693,0.38461538461538464,0.5384615384615384,0.3076923076923077,0.5384615384615384,0.0,0.4,0.6,0.4,0.6,0.125,0.375,0.5,0.25,0.5
156,9.0,Pumas_UNAM,1.3076923076923077,1.6153846153846154,0.8923076923076922,0.7,13,4,9,6,4,3,3,1,0,3,3,3,9,9,3,3,6,6,0.46153846153846156,0.3076923076923077,0.23076923076923078,0.6923076923076923,0.6923076923076923,0.75,0.25,0.0,0.75,0.75,0.3333333333333333,0.3333333333333333,0.3333333333333333,0.6666666666666666,0.6666666666666666
157,9.0,Queretaro,0.8461538461538461,1.9230769230769231,0.43076923076923074,0.7692307692307693,13,4,9,2,8,3,1,2,1,1,6,2,6,6,1,0,5,6,0.15384615384615385,0.6153846153846154,0.23076923076923078,0.46153846153846156,0.46153846153846156,0.25,0.5,0.25,0.25,0.0,0.1111111111111111,0.6666666666666666,0.2222222222222222,0.5555555555555556,0.6666666666666666
158,9.0,Santos_Laguna,1.7692307692307692,1.3846153846153846,1.0615384615384615,0.676923076923077,13,8,5,7,4,2,5,2,1,2,2,1,7,8,6,7,1,1,0.5384615384615384,0.3076923076923077,0.15384615384615385,0.5384615384615384,0.6153846153846154,0.625,0.25,0.125,0.75,0.875,0.4,0.4,0.2,0.2,0.2
159,9.0,Tijuana,1.2307692307692308,1.9230769230769231,0.7076923076923076,0.8384615384615385,13,7,6,5,5,3,4,1,2,1,4,1,7,7,2,4,5,3,0.38461538461538464,0.38461538461538464,0.23076923076923078,0.5384615384615384,0.5384615384615384,0.5714285714285714,0.14285714285714285,0.2857142857142857,0.2857142857142857,0.5714285714285714,0.16666666666666666,0.6666666666666666,0.16666666666666666,0.8333333333333334,0.5
160,9.0,Toluca,1.3846153846153846,1.0769230769230769,0.7461538461538461,0.7307692307692307,13,7,6,7,3,3,4,1,2,3,2,1,5,5,3,3,2,2,0.5384615384615384,0.23076923076923078,0.23076923076923078,0.38461538461538464,0.38461538461538464,0.5714285714285714,0.14285714285714285,0.2857142857142857,0.42857142857142855,0.42857142857142855,0.5,0.3333333333333333,0.16666666666666666,0.3333333333333333,0.3333333333333333
161,9.0,UANL,0.8461538461538461,0.8461538461538461,0.6692307692307692,0.5846153846153845,13,4,9,2,5,6,1,2,1,1,3,5,4,4,2,1,2,3,0.15384615384615385,0.38461538461538464,0.46153846153846156,0.3076923076923077,0.3076923076923077,0.25,0.5,0.25,0.5,0.25,0.1111111111111111,0.3333333333333333,0.5555555555555556,0.2222222222222222,0.3333333333333333
162,10.0,America,1.0769230769230769,0.6923076923076923,0.6692307692307692,0.43846153846153846,13,9,4,8,3,2,6,2,1,2,1,1,5,3,4,2,1,1,0.6153846153846154,0.23076923076923078,0.15384615384615385,0.38461538461538464,0.23076923076923078,0.6666666666666666,0.2222222222222222,0.1111111111111111,0.4444444444444444,0.2222222222222222,0.5,0.25,0.25,0.25,0.25
163,10.0,Atlas,1.5384615384615385,1.2307692307692308,0.676923076923077,0.6153846153846154,13,7,6,6,4,3,4,2,1,2,2,2,6,8,2,3,4,5,0.46153846153846156,0.3076923076923077,0.23076923076923078,0.46153846153846156,0.6153846153846154,0.5714285714285714,0.2857142857142857,0.14285714285714285,0.2857142857142857,0.42857142857142855,0.3333333333333333,0.3333333333333333,0.3333333333333333,0.6666666666666666,0.8333333333333334
164,10.0,Atletico,1.4,1.8,1.72,1.86,5,2,3,2,3,0,1,1,0,1,2,0,4,4,2,2,2,2,0.4,0.6,0.0,0.8,0.8,0.5,0.5,0.0,1.0,1.0,0.3333333333333333,0.6666666666666666,0.0,0.6666666666666666,0.6666666666666666
165,10.0,Cruz_Azul,1.1538461538461537,1.5384615384615385,0.6,0.823076923076923,13,5,8,6,4,3,3,1,1,3,3,2,7,6,2,2,5,4,0.46153846153846156,0.3076923076923077,0.23076923076923078,0.5384615384615384,0.46153846153846156,0.6,0.2,0.2,0.4,0.4,0.375,0.375,0.25,0.625,0.5
166,10.0,FC_Juarez,0.6,2.4,0.8,1.42,5,2,3,1,3,1,1,0,1,0,3,0,3,2,0,1,3,1,0.2,0.6,0.2,0.6,0.4,0.5,0.0,0.5,0.0,0.5,0.0,1.0,0.0,1.0,0.3333333333333333
167,10.0,Guadalajara,0.9230769230769231,0.9230769230769231,0.5,0.5769230769230769,13,7,6,4,4,5,2,2,3,2,2,2,3,4,1,3,2,1,0.3076923076923077,0.3076923076923077,0.38461538461538464,0.23076923076923078,0.3076923076923077,0.2857142857142857,0.2857142857142857,0.42857142857142855,0.14285714285714285,0.42857142857142855,0.3333333333333333,0.3333333333333333,0.3333333333333333,0.3333333333333333,0.16666666666666666
168,10.0,Leon,1.3076923076923077,1.3076923076923077,0.6,0.676923076923077,13,6,7,6,5,2,3,3,0,3,2,2,7,7,6,4,1,3,0.46153846153846156,0.38461538461538464,0.15384615384615385,0.5384615384615384,0.5384615384615384,0.5,0.5,0.0,1.0,0.6666666666666666,0.42857142857142855,0.2857142857142857,0.2857142857142857,0.14285714285714285,0.42857142857142855
169,10.0,Mazatlan,1.2,1.6,0.8800000000000001,1.3199999999999998,5,1,4,1,2,2,0,1,0,1,1,2,3,4,1,1,2,3,0.2,0.4,0.4,0.6,0.8,0.0,1.0,0.0,1.0,1.0,0.25,0.25,0.5,0.5,0.75
170,10.0,Monterrey,2.0,1.0769230769230769,0.6846153846153846,0.5153846153846153,13,9,4,8,3,2,7,0,2,1,3,0,8,7,6,5,2,2,0.6153846153846154,0.23076923076923078,0.15384615384615385,0.6153846153846154,0.5384615384615384,0.7777777777777778,0.0,0.2222222222222222,0.6666666666666666,0.5555555555555556,0.25,0.75,0.0,0.5,0.5
171,10.0,Necaxa,0.45454545454545453,1.3636363636363635,0.6090909090909091,0.8727272727272727,11,5,6,1,6,4,1,3,1,0,3,3,2,4,1,1,1,3,0.09090909090909091,0.5454545454545454,0.36363636363636365,0.18181818181818182,0.36363636363636365,0.2,0.6,0.2,0.2,0.2,0.0,0.5,0.5,0.16666666666666666,0.5
172,10.0,Pachuca,1.5384615384615385,1.0769230769230769,0.7307692307692307,0.6692307692307692,13,8,5,5,4,4,4,1,3,1,3,1,8,8,5,6,3,2,0.38461538461538464,0.3076923076923077,0.3076923076923077,0.6153846153846154,0.6153846153846154,0.5,0.125,0.375,0.625,0.75,0.2,0.6,0.2,0.6,0.4
173,10.0,Puebla,1.3846153846153846,1.6923076923076923,0.9384615384615385,0.9384615384615385,13,6,7,3,5,5,1,3,2,2,2,3,7,9,2,2,5,7,0.23076923076923078,0.38461538461538464,0.38461538461538464,0.5384615384615384,0.6923076923076923,0.16666666666666666,0.5,0.3333333333333333,0.3333333333333333,0.3333333333333333,0.2857142857142857,0.2857142857142857,0.42857142857142855,0.7142857142857143,1.0
174,10.0,Pumas_UNAM,1.3846153846153846,1.6153846153846154,0.6692307692307692,1.0230769230769232,13,9,4,3,6,4,2,4,3,1,2,1,6,8,5,7,1,1,0.23076923076923078,0.46153846153846156,0.3076923076923077,0.46153846153846156,0.6153846153846154,0.2222222222222222,0.4444444444444444,0.3333333333333333,0.5555555555555556,0.7777777777777778,0.25,0.5,0.25,0.25,0.25
175,10.0,Queretaro,1.0,1.0,0.6230769230769231,0.5461538461538461,13,9,4,6,4,3,5,2,2,1,2,1,3,6,3,5,0,1,0.46153846153846156,0.3076923076923077,0.23076923076923078,0.23076923076923078,0.46153846153846156,0.5555555555555556,0.2222222222222222,0.2222222222222222,0.3333333333333333,0.5555555555555556,0.25,0.5,0.25,0.0,0.25
176,10.0,Santos_Laguna,1.2307692307692308,0.8461538461538461,0.7384615384615384,0.8076923076923077,13,6,7,5,3,5,3,1,2,2,2,3,5,6,3,2,2,4,0.38461538461538464,0.23076923076923078,0.38461538461538464,0.38461538461538464,0.46153846153846156,0.5,0.16666666666666666,0.3333333333333333,0.5,0.3333333333333333,0.2857142857142857,0.2857142857142857,0.42857142857142855,0.2857142857142857,0.5714285714285714
177,10.0,Tijuana,0.8461538461538461,1.4615384615384615,0.5615384615384615,0.6923076923076923,13,6,7,3,7,3,2,2,2,1,5,1,6,6,1,2,5,4,0.23076923076923078,0.5384615384615384,0.23076923076923078,0.46153846153846156,0.46153846153846156,0.3333333333333333,0.3333333333333333,0.3333333333333333,0.16666666666666666,0.3333333333333333,0.14285714285714285,0.7142857142857143,0.14285714285714285,0.7142857142857143,0.5714285714285714
178,10.0,Toluca,1.2307692307692308,1.4615384615384615,0.7153846153846153,0.7846153846153846,13,8,5,5,5,3,5,1,2,0,4,1,7,8,5,7,2,1,0.38461538461538464,0.38461538461538464,0.23076923076923078,0.5384615384615384,0.6153846153846154,0.625,0.125,0.25,0.625,0.875,0.0,0.8,0.2,0.4,0.2
179,10.0,UANL,2.0,0.6923076923076923,0.676923076923077,0.5461538461538461,13,8,5,9,1,3,5,1,2,4,0,1,6,5,5,3,1,2,0.6923076923076923,0.07692307692307693,0.23076923076923078,0.46153846153846156,0.38461538461538464,0.625,0.125,0.25,0.625,0.375,0.8,0.0,0.2,0.2,0.4
180,11.0,America,1.8461538461538463,0.8461538461538461,0.9846153846153847,0.36153846153846153,13,6,7,7,3,3,4,2,0,3,1,3,6,6,3,0,3,6,0.5384615384615384,0.23076923076923078,0.23076923076923078,0.46153846153846156,0.46153846153846156,0.6666666666666666,0.3333333333333333,0.0,0.5,0.0,0.42857142857142855,0.14285714285714285,0.42857142857142855,0.42857142857142855,0.8571428571428571
181,11.0,Atlas,1.0769230769230769,1.7692307692307692,0.5307692307692308,0.7692307692307693,13,6,7,1,7,5,1,3,2,0,4,3,8,10,2,4,6,6,0.07692307692307693,0.5384615384615384,0.38461538461538464,0.6153846153846154,0.7692307692307693,0.16666666666666666,0.5,0.3333333333333333,0.3333333333333333,0.6666666666666666,0.0,0.5714285714285714,0.42857142857142855,0.8571428571428571,0.8571428571428571
182,11.0,Atletico,1.0,1.0,1.3199999999999998,1.2,5,4,1,3,2,0,3,1,0,0,1,0,2,1,1,0,1,1,0.6,0.4,0.0,0.4,0.2,0.75,0.25,0.0,0.25,0.0,0.0,1.0,0.0,1.0,1.0
183,11.0,Cruz_Azul,1.7692307692307692,1.0769230769230769,0.6692307692307692,0.5692307692307692,13,7,6,7,5,1,4,3,0,3,2,1,9,8,5,4,4,4,0.5384615384615384,0.38461538461538464,0.07692307692307693,0.6923076923076923,0.6153846153846154,0.5714285714285714,0.42857142857142855,0.0,0.7142857142857143,0.5714285714285714,0.5,0.3333333333333333,0.16666666666666666,0.6666666666666666,0.6666666666666666
184,11.0,FC_Juarez,1.0,2.0,1.16,1.44,5,1,4,0,3,2,0,0,1,0,3,1,3,4,0,1,3,3,0.0,0.6,0.4,0.6,0.8,0.0,0.0,1.0,0.0,1.0,0.0,0.75,0.25,0.75,0.75
185,11.0,Guadalajara,1.0769230769230769,1.3076923076923077,0.6230769230769231,0.6615384615384615,13,6,7,2,6,5,2,2,2,0,4,3,6,8,4,4,2,4,0.15384615384615385,0.46153846153846156,0.38461538461538464,0.46153846153846156,0.6153846153846154,0.3333333333333333,0.3333333333333333,0.3333333333333333,0.6666666666666666,0.6666666666666666,0.0,0.5714285714285714,0.42857142857142855,0.2857142857142857,0.5714285714285714
186,11.0,Leon,1.8461538461538463,1.0769230769230769,0.8307692307692308,0.5923076923076923,13,7,6,9,3,1,5,1,1,4,2,0,7,5,5,4,2,1,0.6923076923076923,0.23076923076923078,0.07692307692307693,0.5384615384615384,0.38461538461538464,0.7142857142857143,0.14285714285714285,0.14285714285714285,0.7142857142857143,0.5714285714285714,0.6666666666666666,0.3333333333333333,0.0,0.3333333333333333,0.16666666666666666
187,11.0,Mazatlan,1.4,1.8,0.6,1.46,5,4,1,1,3,1,1,3,0,0,0,1,3,4,3,3,0,1,0.2,0.6,0.2,0.6,0.8,0.25,0.75,0.0,0.75,0.75,0.0,0.0,1.0,0.0,1.0
188,11.0,Monterrey,1.3846153846153846,1.6153846153846154,0.7307692307692307,0.7384615384615384,13,2,11,7,5,1,2,0,0,5,5,1,9,9,2,2,7,7,0.5384615384615384,0.38461538461538464,0.07692307692307693,0.6923076923076923,0.6923076923076923,1.0,0.0,0.0,1.0,1.0,0.45454545454545453,0.45454545454545453,0.09090909090909091,0.6363636363636364,0.6363636363636364
189,11.0,Necaxa,1.5454545454545454,1.0,0.9636363636363636,0.7545454545454546,11,7,4,4,1,6,2,1,4,2,0,2,6,8,4,5,2,3,0.36363636363636365,0.09090909090909091,0.5454545454545454,0.5454545454545454,0.7272727272727273,0.2857142857142857,0.14285714285714285,0.5714285714285714,0.5714285714285714,0.7142857142857143,0.5,0.0,0.5,0.5,0.75
190,11.0,Pachuca,1.8461538461538463,1.5384615384615385,0.6307692307692307,0.8153846153846154,13,5,8,6,3,4,2,1,2,4,2,2,9,9,2,3,7,6,0.46153846153846156,0.23076923076923078,0.3076923076923077,0.6923076923076923,0.6923076923076923,0.4,0.2,0.4,0.4,0.6,0.5,0.25,0.25,0.875,0.75
191,11.0,Puebla,1.5384615384615385,1.2307692307692308,0.676923076923077,0.8076923076923077,13,8,5,7,3,3,4,1,3,3,2,0,8,7,4,4,4,3,0.5384615384615384,0.23076923076923078,0.23076923076923078,0.6153846153846154,0.5384615384615384,0.5,0.125,0.375,0.5,0.5,0.6,0.4,0.0,0.8,0.6
192,11.0,Pumas_UNAM,1.1538461538461537,1.1538461538461537,0.5692307692307692,0.5307692307692308,13,6,7,5,7,1,3,2,1,2,5,0,6,6,2,2,4,4,0.38461538461538464,0.5384615384615384,0.07692307692307693,0.46153846153846156,0.46153846153846156,0.5,0.3333333333333333,0.16666666666666666,0.3333333333333333,0.3333333333333333,0.2857142857142857,0.7142857142857143,0.0,0.5714285714285714,0.5714285714285714
193,11.0,Queretaro,1.0769230769230769,1.8461538461538463,0.7153846153846154,0.8,13,7,6,3,8,2,3,3,1,0,5,1,9,7,4,4,5,3,0.23076923076923078,0.6153846153846154,0.15384615384615385,0.6923076923076923,0.5384615384615384,0.42857142857142855,0.42857142857142855,0.14285714285714285,0.5714285714285714,0.5714285714285714,0.0,0.8333333333333334,0.16666666666666666,0.8333333333333334,0.5
194,11.0,Santos_Laguna,1.5384615384615385,1.5384615384615385,0.8538461538461538,0.6538461538461539,13,9,4,6,4,3,5,2,2,1,2,1,9,6,6,5,3,1,0.46153846153846156,0.3076923076923077,0.23076923076923078,0.6923076923076923,0.46153846153846156,0.5555555555555556,0.2222222222222222,0.2222222222222222,0.6666666666666666,0.5555555555555556,0.25,0.5,0.25,0.75,0.25
195,11.0,Tijuana,0.7692307692307693,1.6153846153846154,0.6076923076923078,0.9538461538461539,13,7,6,2,8,3,2,2,3,0,6,0,6,6,3,4,3,2,0.15384615384615385,0.6153846153846154,0.23076923076923078,0.46153846153846156,0.46153846153846156,0.2857142857142857,0.2857142857142857,0.42857142857142855,0.42857142857142855,0.5714285714285714,0.0,1.0,0.0,0.5,0.3333333333333333
196,11.0,Toluca,1.6923076923076923,1.3076923076923077,0.9692307692307692,0.6307692307692307,13,7,6,5,5,3,3,3,1,2,2,2,8,10,6,7,2,3,0.38461538461538464,0.38461538461538464,0.23076923076923078,0.6153846153846154,0.7692307692307693,0.42857142857142855,0.42857142857142855,0.14285714285714285,0.8571428571428571,1.0,0.3333333333333333,0.3333333333333333,0.3333333333333333,0.3333333333333333,0.5
197,11.0,UANL,1.6153846153846154,1.2307692307692308,0.6538461538461539,0.6461538461538462,13,7,6,6,5,2,3,2,2,3,3,0,9,6,4,3,5,3,0.46153846153846156,0.38461538461538464,0.15384615384615385,0.6923076923076923,0.46153846153846156,0.42857142857142855,0.2857142857142857,0.2857142857142857,0.5714285714285714,0.42857142857142855,0.5,0.5,0.0,0.8333333333333334,0.5
198,12.0,America,1.4615384615384615,1.0769230769230769,0.7153846153846154,0.3923076923076923,13,6,7,6,3,4,3,0,3,3,3,1,7,7,3,3,4,4,0.46153846153846156,0.23076923076923078,0.3076923076923077,0.5384615384615384,0.5384615384615384,0.5,0.0,0.5,0.5,0.5,0.42857142857142855,0.42857142857142855,0.14285714285714285,0.5714285714285714,0.5714285714285714
199,12.0,Atlas,1.2307692307692308,1.4615384615384615,0.7692307692307693,0.6615384615384615,13,7,6,3,5,5,1,2,4,2,3,1,5,7,1,4,4,3,0.23076923076923078,0.38461538461538464,0.38461538461538464,0.38461538461538464,0.5384615384615384,0.14285714285714285,0.2857142857142857,0.5714285714285714,0.14285714285714285,0.5714285714285714,0.3333333333333333,0.5,0.16666666666666666,0.6666666666666666,0.5
200,12.0,Atletico,1.2,1.2,0.8400000000000001,1.78,5,1,4,1,2,2,1,0,0,0,2,2,2,2,1,0,1,2,0.2,0.4,0.4,0.4,0.4,1.0,0.0,0.0,1.0,0.0,0.0,0.5,0.5,0.25,0.5
201,12.0,Cruz_Azul,1.5384615384615385,1.5384615384615385,0.6846153846153846,0.7230769230769231,13,7,6,5,4,4,3,2,2,2,2,2,8,9,4,5,4,4,0.38461538461538464,0.3076923076923077,0.3076923076923077,0.6153846153846154,0.6923076923076923,0.42857142857142855,0.2857142857142857,0.2857142857142857,0.5714285714285714,0.7142857142857143,0.3333333333333333,0.3333333333333333,0.3333333333333333,0.6666666666666666,0.6666666666666666
202,12.0,FC_Juarez,1.4,1.4,1.26,1.48,5,4,1,1,2,2,1,2,1,0,0,1,3,3,2,2,1,1,0.2,0.4,0.4,0.6,0.6,0.25,0.5,0.25,0.5,0.5,0.0,0.0,1.0,1.0,1.0
203,12.0,Guadalajara,1.4615384615384615,1.6153846153846154,0.5538461538461539,0.5846153846153845,13,6,7,4,5,4,3,3,0,1,2,4,8,9,5,5,3,4,0.3076923076923077,0.38461538461538464,0.3076923076923077,0.6153846153846154,0.6923076923076923,0.5,0.5,0.0,0.8333333333333334,0.8333333333333334,0.14285714285714285,0.2857142857142857,0.5714285714285714,0.42857142857142855,0.5714285714285714
204,12.0,Leon,1.4615384615384615,1.3076923076923077,0.7615384615384616,0.7076923076923076,13,5,8,6,3,4,4,0,1,2,3,3,6,8,2,3,4,5,0.46153846153846156,0.23076923076923078,0.3076923076923077,0.46153846153846156,0.6153846153846154,0.8,0.0,0.2,0.4,0.6,0.25,0.375,0.375,0.5,0.625
205,12.0,Mazatlan,0.4,1.2,0.5199999999999999,1.6800000000000002,5,2,3,0,4,1,0,2,0,0,2,1,2,2,2,2,0,0,0.0,0.8,0.2,0.4,0.4,0.0,1.0,0.0,1.0,1.0,0.0,0.6666666666666666,0.3333333333333333,0.0,0.0
206,12.0,Monterrey,1.9230769230769231,1.0,0.8153846153846154,0.5461538461538462,13,7,6,8,2,3,6,0,1,2,2,2,8,7,4,4,4,3,0.6153846153846154,0.15384615384615385,0.23076923076923078,0.6153846153846154,0.5384615384615384,0.8571428571428571,0.0,0.14285714285714285,0.5714285714285714,0.5714285714285714,0.3333333333333333,0.3333333333333333,0.3333333333333333,0.6666666666666666,0.5
207,12.0,Necaxa,1.2727272727272727,1.6363636363636365,0.7545454545454546,0.9727272727272727,11,4,7,3,5,3,1,2,1,2,3,2,5,6,3,3,2,3,0.2727272727272727,0.45454545454545453,0.2727272727272727,0.45454545454545453,0.5454545454545454,0.25,0.5,0.25,0.75,0.75,0.2857142857142857,0.42857142857142855,0.2857142857142857,0.2857142857142857,0.42857142857142855
208,12.0,Pachuca,2.1538461538461537,1.2307692307692308,1.0076923076923077,0.7076923076923076,13,9,4,7,1,5,6,0,3,1,1,2,7,10,5,8,2,2,0.5384615384615384,0.07692307692307693,0.38461538461538464,0.5384615384615384,0.7692307692307693,0.6666666666666666,0.0,0.3333333333333333,0.5555555555555556,0.8888888888888888,0.25,0.25,0.5,0.5,0.5
209,12.0,Puebla,1.2307692307692308,1.8461538461538463,0.7153846153846154,0.5846153846153845,13,6,7,3,6,4,1,3,2,2,3,2,9,9,6,5,3,4,0.23076923076923078,0.46153846153846156,0.3076923076923077,0.6923076923076923,0.6923076923076923,0.16666666666666666,0.5,0.3333333333333333,1.0,0.8333333333333334,0.2857142857142857,0.42857142857142855,0.2857142857142857,0.42857142857142855,0.5714285714285714
210,12.0,Pumas_UNAM,1.3076923076923077,1.3846153846153846,0.5769230769230769,0.7923076923076924,13,5,8,5,6,2,3,2,0,2,4,2,8,8,3,3,5,5,0.38461538461538464,0.46153846153846156,0.15384615384615385,0.6153846153846154,0.6153846153846154,0.6,0.4,0.0,0.6,0.6,0.25,0.5,0.25,0.625,0.625
211,12.0,Queretaro,0.8461538461538461,1.5384615384615385,0.5769230769230769,0.8692307692307693,13,5,8,1,6,6,1,0,4,0,6,2,7,8,3,4,4,4,0.07692307692307693,0.46153846153846156,0.46153846153846156,0.5384615384615384,0.6153846153846154,0.2,0.0,0.8,0.6,0.8,0.0,0.75,0.25,0.5,0.5
212,12.0,Santos_Laguna,1.6153846153846154,2.0,0.7615384615384616,0.8692307692307693,13,4,9,3,5,5,3,0,1,0,5,4,10,12,4,4,6,8,0.23076923076923078,0.38461538461538464,0.38461538461538464,0.7692307692307693,0.9230769230769231,0.75,0.0,0.25,1.0,1.0,0.0,0.5555555555555556,0.4444444444444444,0.6666666666666666,0.8888888888888888
213,12.0,Tijuana,1.0,1.5384615384615385,0.676923076923077,0.6615384615384615,13,7,6,3,7,3,2,2,3,1,5,0,7,5,4,3,3,2,0.23076923076923078,0.5384615384615384,0.23076923076923078,0.5384615384615384,0.38461538461538464,0.2857142857142857,0.2857142857142857,0.42857142857142855,0.5714285714285714,0.42857142857142855,0.16666666666666666,0.8333333333333334,0.0,0.5,0.3333333333333333
214,12.0,Toluca,1.5384615384615385,1.5384615384615385,0.8076923076923077,0.7384615384615384,13,7,6,4,4,5,2,3,2,2,1,3,8,8,4,4,4,4,0.3076923076923077,0.3076923076923077,0.38461538461538464,0.6153846153846154,0.6153846153846154,0.2857142857142857,0.42857142857142855,0.2857142857142857,0.5714285714285714,0.5714285714285714,0.3333333333333333,0.16666666666666666,0.5,0.6666666666666666,0.6666666666666666
215,12.0,UANL,1.1538461538461537,1.3846153846153846,0.8076923076923077,0.7230769230769231,13,6,7,1,5,7,1,1,4,0,4,3,6,9,2,3,4,6,0.07692307692307693,0.38461538461538464,0.5384615384615384,0.46153846153846156,0.6923076923076923,0.16666666666666666,0.16666666666666666,0.6666666666666666,0.3333333333333333,0.5,0.0,0.5714285714285714,0.42857142857142855,0.5714285714285714,0.8571428571428571
216,13.0,America,1.6923076923076923,1.3846153846153846,0.9538461538461539,0.5461538461538462,13,8,5,4,3,6,3,1,4,1,2,2,7,10,5,6,2,4,0.3076923076923077,0.23076923076923078,0.46153846153846156,0.5384615384615384,0.7692307692307693,0.375,0.125,0.5,0.625,0.75,0.2,0.4,0.4,0.4,0.8
217,13.0,Atlas,0.9230769230769231,1.0,0.6000000000000001,0.6846153846153846,13,7,6,4,4,5,3,0,4,1,4,1,4,5,2,2,2,3,0.3076923076923077,0.3076923076923077,0.38461538461538464,0.3076923076923077,0.38461538461538464,0.42857142857142855,0.0,0.5714285714285714,0.2857142857142857,0.2857142857142857,0.16666666666666666,0.6666666666666666,0.16666666666666666,0.3333333333333333,0.5
218,13.0,Atletico,1.2,1.0,1.0,1.26,5,4,1,2,2,1,2,1,1,0,1,0,2,2,1,1,1,1,0.4,0.4,0.2,0.4,0.4,0.5,0.25,0.25,0.25,0.25,0.0,1.0,0.0,1.0,1.0
219,13.0,Cruz_Azul,1.0,1.1538461538461537,0.4538461538461539,0.5,13,3,10,3,4,6,1,1,1,2,3,5,7,7,2,1,5,6,0.23076923076923078,0.3076923076923077,0.46153846153846156,0.5384615384615384,0.5384615384615384,0.3333333333333333,0.3333333333333333,0.3333333333333333,0.6666666666666666,0.3333333333333333,0.2,0.3,0.5,0.5,0.6
220,13.0,FC_Juarez,0.6,1.6,0.78,1.1199999999999999,5,3,2,1,3,1,1,1,1,0,2,0,2,1,1,1,1,0,0.2,0.6,0.2,0.4,0.2,0.3333333333333333,0.3333333333333333,0.3333333333333333,0.3333333333333333,0.3333333333333333,0.0,1.0,0.0,0.5,0.0
221,13.0,Guadalajara,1.3076923076923077,1.2307692307692308,0.5230769230769231,0.676923076923077,13,6,7,6,4,3,2,3,1,4,1,2,6,7,4,4,2,3,0.46153846153846156,0.3076923076923077,0.23076923076923078,0.46153846153846156,0.5384615384615384,0.3333333333333333,0.5,0.16666666666666666,0.6666666666666666,0.6666666666666666,0.5714285714285714,0.14285714285714285,0.2857142857142857,0.2857142857142857,0.42857142857142855
222,13.0,Leon,0.9230769230769231,1.3846153846153846,0.7923076923076923,0.5076923076923077,13,7,6,1,6,6,1,2,4,0,4,2,5,9,1,4,4,5,0.07692307692307693,0.46153846153846156,0.46153846153846156,0.38461538461538464,0.6923076923076923,0.14285714285714285,0.2857142857142857,0.5714285714285714,0.14285714285714285,0.5714285714285714,0.0,0.6666666666666666,0.3333333333333333,0.6666666666666666,0.8333333333333334
223,13.0,Mazatlan,1.4,0.8,1.6,1.8399999999999999,5,3,2,3,1,1,2,0,1,1,1,0,2,3,0,1,2,2,0.6,0.2,0.2,0.4,0.6,0.6666666666666666,0.0,0.3333333333333333,0.0,0.3333333333333333,0.5,0.5,0.0,1.0,1.0
224,13.0,Monterrey,1.1538461538461537,1.2307692307692308,0.9076923076923076,0.43846153846153846,13,8,5,2,4,7,1,3,4,1,1,3,6,8,4,4,2,4,0.15384615384615385,0.3076923076923077,0.5384615384615384,0.46153846153846156,0.6153846153846154,0.125,0.375,0.5,0.5,0.5,0.2,0.2,0.6,0.4,0.8
225,13.0,Necaxa,1.0,1.3636363636363635,0.7181818181818183,0.8363636363636363,11,5,6,3,4,4,1,1,3,2,3,1,5,6,1,3,4,3,0.2727272727272727,0.36363636363636365,0.36363636363636365,0.45454545454545453,0.5454545454545454,0.2,0.2,0.6,0.2,0.6,0.3333333333333333,0.5,0.16666666666666666,0.6666666666666666,0.5
226,13.0,Pachuca,0.6153846153846154,1.0769230769230769,0.7769230769230769,0.5461538461538461,13,6,7,2,5,6,1,3,2,1,2,4,5,4,2,2,3,2,0.15384615384615385,0.38461538461538464,0.46153846153846156,0.38461538461538464,0.3076923076923077,0.16666666666666666,0.5,0.3333333333333333,0.3333333333333333,0.3333333333333333,0.14285714285714285,0.2857142857142857,0.5714285714285714,0.42857142857142855,0.2857142857142857
227,13.0,Puebla,1.3846153846153846,1.6923076923076923,0.7538461538461539,0.7923076923076924,13,7,6,4,5,4,2,2,3,2,3,1,7,7,4,4,3,3,0.3076923076923077,0.38461538461538464,0.3076923076923077,0.5384615384615384,0.5384615384615384,0.2857142857142857,0.2857142857142857,0.42857142857142855,0.5714285714285714,0.5714285714285714,0.3333333333333333,0.5,0.16666666666666666,0.5,0.5
228,13.0,Pumas_UNAM,1.3846153846153846,1.5384615384615385,0.9615384615384616,0.8076923076923077,13,6,7,4,4,5,1,2,3,3,2,2,8,9,4,5,4,4,0.3076923076923077,0.3076923076923077,0.38461538461538464,0.6153846153846154,0.6923076923076923,0.16666666666666666,0.3333333333333333,0.5,0.6666666666666666,0.8333333333333334,0.42857142857142855,0.2857142857142857,0.2857142857142857,0.5714285714285714,0.5714285714285714
229,13.0,Queretaro,1.0,1.0,0.7153846153846154,0.5384615384615384,13,9,4,5,4,4,3,2,4,2,2,0,5,7,2,4,3,3,0.38461538461538464,0.3076923076923077,0.3076923076923077,0.38461538461538464,0.5384615384615384,0.3333333333333333,0.2222222222222222,0.4444444444444444,0.2222222222222222,0.4444444444444444,0.5,0.5,0.0,0.75,0.75
230,13.0,Santos_Laguna,1.3846153846153846,1.1538461538461537,0.5769230769230769,0.6538461538461539,13,6,7,4,6,3,3,2,1,1,4,2,7,8,4,5,3,3,0.3076923076923077,0.46153846153846156,0.23076923076923078,0.5384615384615384,0.6153846153846154,0.5,0.3333333333333333,0.16666666666666666,0.6666666666666666,0.8333333333333334,0.14285714285714285,0.5714285714285714,0.2857142857142857,0.42857142857142855,0.42857142857142855
231,13.0,Tijuana,0.7692307692307693,0.9230769230769231,0.36153846153846153,0.9615384615384616,13,4,9,4,4,5,3,1,0,1,3,5,3,4,1,1,2,3,0.3076923076923077,0.3076923076923077,0.38461538461538464,0.23076923076923078,0.3076923076923077,0.75,0.25,0.0,0.25,0.25,0.1111111111111111,0.3333333333333333,0.5555555555555556,0.2222222222222222,0.3333333333333333
232,13.0,Toluca,1.3846153846153846,1.3846153846153846,0.5153846153846154,0.6846153846153846,13,7,6,6,4,3,4,1,2,2,3,1,7,8,4,5,3,3,0.46153846153846156,0.3076923076923077,0.23076923076923078,0.5384615384615384,0.6153846153846154,0.5714285714285714,0.14285714285714285,0.2857142857142857,0.5714285714285714,0.7142857142857143,0.3333333333333333,0.5,0.16666666666666666,0.5,0.5
233,13.0,UANL,1.9230769230769231,0.6923076923076923,0.7769230769230769,0.6153846153846154,13,6,7,8,1,4,5,0,1,3,1,3,6,7,4,3,2,4,0.6153846153846154,0.07692307692307693,0.3076923076923077,0.46153846153846156,0.5384615384615384,0.8333333333333334,0.0,0.16666666666666666,0.6666666666666666,0.5,0.42857142857142855,0.14285714285714285,0.42857142857142855,0.2857142857142857,0.5714285714285714
234,14.0,America,1.9090909090909092,1.0,0.9181818181818181,0.5909090909090909,11,5,6,8,1,2,4,1,0,4,0,2,7,7,3,3,4,4,0.7272727272727273,0.09090909090909091,0.18181818181818182,0.6363636363636364,0.6363636363636364,0.8,0.2,0.0,0.6,0.6,0.6666666666666666,0.0,0.3333333333333333,0.6666666666666666,0.6666666666666666
235,14.0,Atlas,0.8181818181818182,1.0909090909090908,0.7454545454545454,0.7000000000000001,11,5,6,2,4,5,1,1,3,1,3,2,3,6,1,3,2,3,0.18181818181818182,0.36363636363636365,0.45454545454545453,0.2727272727272727,0.5454545454545454,0.2,0.2,0.6,0.2,0.6,0.16666666666666666,0.5,0.3333333333333333,0.3333333333333333,0.5
236,14.0,Atletico,1.2,3.8,1.22,1.98,5,1,4,0,5,0,0,1,0,0,4,0,5,4,1,1,4,3,0.0,1.0,0.0,1.0,0.8,0.0,1.0,0.0,1.0,1.0,0.0,1.0,0.0,1.0,0.75
237,14.0,Cruz_Azul,1.3636363636363635,1.0909090909090908,0.8727272727272727,0.5727272727272728,11,6,5,5,3,3,3,3,0,2,0,3,6,7,3,3,3,4,0.45454545454545453,0.2727272727272727,0.2727272727272727,0.5454545454545454,0.6363636363636364,0.5,0.5,0.0,0.5,0.5,0.4,0.0,0.6,0.6,0.8
238,14.0,FC_Juarez,0.6,2.0,0.9400000000000001,1.08,5,3,2,0,4,1,0,2,1,0,2,0,2,3,1,2,1,1,0.0,0.8,0.2,0.4,0.6,0.0,0.6666666666666666,0.3333333333333333,0.3333333333333333,0.6666666666666666,0.0,1.0,0.0,0.5,0.5
239,14.0,Guadalajara,0.6363636363636364,0.9090909090909091,0.6272727272727273,0.5727272727272728,11,6,5,4,4,3,2,3,1,2,1,2,2,2,1,1,1,1,0.36363636363636365,0.36363636363636365,0.2727272727272727,0.18181818181818182,0.18181818181818182,0.3333333333333333,0.5,0.16666666666666666,0.16666666666666666,0.16666666666666666,0.4,0.2,0.4,0.2,0.2
240,14.0,Leon,1.0,0.9090909090909091,0.7636363636363637,0.9181818181818183,11,5,6,5,4,2,1,3,1,4,1,1,3,4,2,2,1,2,0.45454545454545453,0.36363636363636365,0.18181818181818182,0.2727272727272727,0.36363636363636365,0.2,0.6,0.2,0.4,0.4,0.6666666666666666,0.16666666666666666,0.16666666666666666,0.16666666666666666,0.3333333333333333
241,14.0,Mazatlan,1.4,1.2,0.9800000000000001,2.32,5,1,4,3,2,0,1,0,0,2,2,0,3,2,1,0,2,2,0.6,0.4,0.0,0.6,0.4,1.0,0.0,0.0,1.0,0.0,0.5,0.5,0.0,0.5,0.5
242,14.0,Monterrey,1.4545454545454546,1.1818181818181819,0.890909090909091,0.6727272727272727,11,5,6,5,4,2,5,0,0,0,4,2,5,5,3,2,2,3,0.45454545454545453,0.36363636363636365,0.18181818181818182,0.45454545454545453,0.45454545454545453,1.0,0.0,0.0,0.6,0.4,0.0,0.6666666666666666,0.3333333333333333,0.3333333333333333,0.5
243,14.0,Necaxa,0.9090909090909091,0.9090909090909091,0.7363636363636363,0.6727272727272727,11,6,5,3,4,4,3,1,2,0,3,2,2,5,2,3,0,2,0.2727272727272727,0.36363636363636365,0.36363636363636365,0.18181818181818182,0.45454545454545453,0.5,0.16666666666666666,0.3333333333333333,0.3333333333333333,0.5,0.0,0.6,0.4,0.0,0.4
244,14.0,Pachuca,2.090909090909091,1.2727272727272727,1.0727272727272728,0.8181818181818182,11,6,5,4,1,6,1,0,5,3,1,1,6,10,2,5,4,5,0.36363636363636365,0.09090909090909091,0.5454545454545454,0.5454545454545454,0.9090909090909091,0.16666666666666666,0.0,0.8333333333333334,0.3333333333333333,0.8333333333333334,0.6,0.2,0.2,0.8,1.0
245,14.0,Puebla,0.9090909090909091,1.1818181818181819,0.8,0.9,11,5,6,4,4,3,2,2,1,2,2,2,4,4,3,2,1,2,0.36363636363636365,0.36363636363636365,0.2727272727272727,0.36363636363636365,0.36363636363636365,0.4,0.4,0.2,0.6,0.4,0.3333333333333333,0.3333333333333333,0.3333333333333333,0.16666666666666666,0.3333333333333333
246,14.0,Pumas_UNAM,1.6363636363636365,1.2727272727272727,0.7909090909090909,0.8909090909090908,11,6,5,4,3,4,3,1,2,1,2,2,5,7,2,4,3,3,0.36363636363636365,0.2727272727272727,0.36363636363636365,0.45454545454545453,0.6363636363636364,0.5,0.16666666666666666,0.3333333333333333,0.3333333333333333,0.6666666666666666,0.2,0.4,0.4,0.6,0.6
247,14.0,Queretaro,1.0,1.6363636363636365,0.7181818181818183,1.0363636363636364,11,4,7,4,4,3,2,1,1,2,3,2,5,7,1,2,4,5,0.36363636363636365,0.36363636363636365,0.2727272727272727,0.45454545454545453,0.6363636363636364,0.5,0.25,0.25,0.25,0.5,0.2857142857142857,0.42857142857142855,0.2857142857142857,0.5714285714285714,0.7142857142857143
248,14.0,Santos_Laguna,1.6363636363636365,1.9090909090909092,1.0818181818181818,0.8909090909090908,11,6,5,2,4,5,1,2,3,1,2,2,7,9,4,5,3,4,0.18181818181818182,0.36363636363636365,0.45454545454545453,0.6363636363636364,0.8181818181818182,0.16666666666666666,0.3333333333333333,0.5,0.6666666666666666,0.8333333333333334,0.2,0.4,0.4,0.6,0.8
249,14.0,Tijuana,1.0,1.2727272727272727,0.7000000000000001,0.6727272727272727,11,8,3,3,6,2,3,4,1,0,2,1,6,4,4,3,2,1,0.2727272727272727,0.5454545454545454,0.18181818181818182,0.5454545454545454,0.36363636363636365,0.375,0.5,0.125,0.5,0.375,0.0,0.6666666666666666,0.3333333333333333,0.6666666666666666,0.3333333333333333
250,14.0,Toluca,1.3636363636363635,1.6363636363636365,0.9454545454545454,1.2363636363636363,11,5,6,3,5,3,2,2,1,1,3,2,8,8,3,4,5,4,0.2727272727272727,0.45454545454545453,0.2727272727272727,0.7272727272727273,0.7272727272727273,0.4,0.4,0.2,0.6,0.8,0.16666666666666666,0.5,0.3333333333333333,0.8333333333333334,0.6666666666666666
251,14.0,UANL,2.0,1.0,1.1545454545454545,0.6,11,7,4,6,4,1,3,3,1,3,1,0,8,5,6,4,2,1,0.5454545454545454,0.36363636363636365,0.09090909090909091,0.7272727272727273,0.45454545454545453,0.42857142857142855,0.42857142857142855,0.14285714285714285,0.8571428571428571,0.5714285714285714,0.75,0.25,0.0,0.5,0.25
252,15.0,America,2.0,0.8,1.46,0.74,5,3,2,4,0,1,2,0,1,2,0,0,2,2,1,1,1,1,0.8,0.0,0.2,0.4,0.4,0.6666666666666666,0.0,0.3333333333333333,0.3333333333333333,0.3333333333333333,1.0,0.0,0.0,0.5,0.5
253,15.0,Atlas,2.2,1.6,1.72,1.4,5,3,2,2,2,1,1,2,0,1,0,1,3,3,2,2,1,1,0.4,0.4,0.2,0.6,0.6,0.3333333333333333,0.6666666666666666,0.0,0.6666666666666666,0.6666666666666666,0.5,0.0,0.5,0.5,0.5
254,15.0,Atletico,1.6,0.6,0.9199999999999999,0.8800000000000001,5,4,1,3,1,1,2,1,1,1,0,0,1,2,0,1,1,1,0.6,0.2,0.2,0.2,0.4,0.5,0.25,0.25,0.0,0.25,1.0,0.0,0.0,1.0,1.0
255,15.0,Cruz_Azul,1.6,1.0,1.2,0.74,5,4,1,4,1,0,3,1,0,1,0,0,3,3,3,3,0,0,0.8,0.2,0.0,0.6,0.6,0.75,0.25,0.0,0.75,0.75,1.0,0.0,0.0,0.0,0.0
256,15.0,FC_Juarez,0.8,1.2,0.9799999999999999,1.2,5,1,4,2,2,1,1,0,0,1,2,1,1,2,1,1,0,1,0.4,0.4,0.2,0.2,0.4,1.0,0.0,0.0,1.0,1.0,0.25,0.5,0.25,0.0,0.25
257,15.0,Guadalajara,1.6,1.4,1.58,1.4600000000000002,5,3,2,3,1,1,1,1,1,2,0,0,3,4,2,3,1,1,0.6,0.2,0.2,0.6,0.8,0.3333333333333333,0.3333333333333333,0.3333333333333333,0.6666666666666666,1.0,1.0,0.0,0.0,0.5,0.5
258,15.0,Leon,0.4,1.4,0.9400000000000001,1.16,5,2,3,0,3,2,0,1,1,0,2,1,1,2,0,1,1,1,0.0,0.6,0.4,0.2,0.4,0.0,0.5,0.5,0.0,0.5,0.0,0.6666666666666666,0.3333333333333333,0.3333333333333333,0.3333333333333333
259,15.0,Mazatlan,1.6,1.0,1.26,1.6199999999999999,5,5,0,3,1,1,3,1,1,0,0,0,3,4,3,4,0,0,0.6,0.2,0.2,0.6,0.8,0.6,0.2,0.2,0.6,0.8,0.0,0.0,0.0,0.0,0.0
260,15.0,Monterrey,0.8,0.6,1.0399999999999998,1.22,5,3,2,2,2,1,0,2,1,2,0,0,1,1,1,1,0,0,0.4,0.4,0.2,0.2,0.2,0.0,0.6666666666666666,0.3333333333333333,0.3333333333333333,0.3333333333333333,1.0,0.0,0.0,0.0,0.0
261,15.0,Necaxa,1.0,1.0,0.9,1.3199999999999998,5,2,3,2,1,2,1,0,1,1,1,1,1,2,0,1,1,1,0.4,0.2,0.4,0.2,0.4,0.5,0.0,0.5,0.0,0.5,0.3333333333333333,0.3333333333333333,0.3333333333333333,0.3333333333333333,0.3333333333333333
262,15.0,Pachuca,1.2,1.4,1.6199999999999999,1.5,5,2,3,2,2,1,1,0,1,1,2,0,2,3,0,1,2,2,0.4,0.4,0.2,0.4,0.6,0.5,0.0,0.5,0.0,0.5,0.3333333333333333,0.6666666666666666,0.0,0.6666666666666666,0.6666666666666666
263,15.0,Puebla,0.8,0.8,1.1400000000000001,1.02,5,2,3,2,2,1,1,1,0,1,1,1,1,2,1,1,0,1,0.4,0.4,0.2,0.2,0.4,0.5,0.5,0.0,0.5,0.5,0.3333333333333333,0.3333333333333333,0.3333333333333333,0.0,0.3333333333333333
264,15.0,Pumas_UNAM,1.2,1.4,1.16,1.7,5,2,3,1,2,2,1,1,0,0,1,2,2,4,2,2,0,2,0.2,0.4,0.4,0.4,0.8,0.5,0.5,0.0,1.0,1.0,0.0,0.3333333333333333,0.6666666666666666,0.0,0.6666666666666666
265,15.0,Queretaro,1.0,1.6,1.52,1.28,5,4,1,0,3,2,0,2,2,0,1,0,3,3,2,2,1,1,0.0,0.6,0.4,0.6,0.6,0.0,0.5,0.5,0.5,0.5,0.0,1.0,0.0,1.0,1.0
266,15.0,Santos_Laguna,2.2,1.6,1.8199999999999998,1.64,5,1,4,3,1,1,1,0,0,2,1,1,4,4,1,1,3,3,0.6,0.2,0.2,0.8,0.8,1.0,0.0,0.0,1.0,1.0,0.5,0.25,0.25,0.75,0.75
267,15.0,Tijuana,1.4,2.4,1.48,1.2600000000000002,5,1,4,2,3,0,1,0,0,1,3,0,4,4,0,0,4,4,0.4,0.6,0.0,0.8,0.8,1.0,0.0,0.0,0.0,0.0,0.25,0.75,0.0,1.0,1.0
268,15.0,Toluca,1.0,1.8,1.2799999999999998,1.64,5,3,2,0,3,2,0,2,1,0,1,1,3,3,1,1,2,2,0.0,0.6,0.4,0.6,0.6,0.0,0.6666666666666666,0.3333333333333333,0.3333333333333333,0.3333333333333333,0.0,0.5,0.5,1.0,1.0
269,15.0,UANL,0.8,1.2,1.0,1.08,5,0,5,1,3,1,0,0,0,1,3,1,1,1,0,0,1,1,0.2,0.6,0.2,0.2,0.2,0.0,0.0,0.0,0.0,0.0,0.2,0.6,0.2,0.2,0.2
270,16.0,America,1.8,0.8,1.8,0.8200000000000001,5,3,2,3,1,1,2,0,1,1,1,0,3,3,2,2,1,1,0.6,0.2,0.2,0.6,0.6,0.6666666666666666,0.0,0.3333333333333333,0.6666666666666666,0.6666666666666666,0.5,0.5,0.0,0.5,0.5
271,16.0,Atlas,1.4,2.0,1.46,1.86,5,1,4,2,3,0,0,1,0,2,2,0,3,2,0,0,3,2,0.4,0.6,0.0,0.6,0.4,0.0,1.0,0.0,0.0,0.0,0.5,0.5,0.0,0.75,0.5
272,16.0,Atletico,1.0,1.2,0.9199999999999999,1.9,5,1,4,1,2,2,0,1,0,1,1,2,3,3,1,1,2,2,0.2,0.4,0.4,0.6,0.6,0.0,1.0,0.0,1.0,1.0,0.25,0.25,0.5,0.5,0.5
273,16.0,Cruz_Azul,0.6,1.2,1.1199999999999999,1.16,5,2,3,1,4,0,0,2,0,1,2,0,2,2,0,0,2,2,0.2,0.8,0.0,0.4,0.4,0.0,1.0,0.0,0.0,0.0,0.3333333333333333,0.6666666666666666,0.0,0.6666666666666666,0.6666666666666666
274,16.0,FC_Juarez,0.2,2.0,0.72,1.9600000000000002,5,3,2,0,4,1,0,3,0,0,1,1,1,1,1,0,0,1,0.0,0.8,0.2,0.2,0.2,0.0,1.0,0.0,0.3333333333333333,0.0,0.0,0.5,0.5,0.0,0.5
275,16.0,Guadalajara,1.6,1.2,1.22,1.04,5,3,2,3,2,0,3,0,0,0,2,0,4,4,2,2,2,2,0.6,0.4,0.0,0.8,0.8,1.0,0.0,0.0,0.6666666666666666,0.6666666666666666,0.0,1.0,0.0,1.0,1.0
276,16.0,Leon,1.8,1.4,1.42,1.44,5,1,4,2,1,2,1,0,0,1,1,2,2,3,1,1,1,2,0.4,0.2,0.4,0.4,0.6,1.0,0.0,0.0,1.0,1.0,0.25,0.25,0.5,0.25,0.5
277,16.0,Mazatlan,1.0,2.0,0.9800000000000001,1.8,5,1,4,1,3,1,0,1,0,1,2,1,3,2,0,0,3,2,0.2,0.6,0.2,0.6,0.4,0.0,1.0,0.0,0.0,0.0,0.25,0.5,0.25,0.75,0.5
278,16.0,Monterrey,1.6,0.8,1.42,0.74,5,2,3,3,1,1,2,0,0,1,1,1,2,1,1,0,1,1,0.6,0.2,0.2,0.4,0.2,1.0,0.0,0.0,0.5,0.0,0.3333333333333333,0.3333333333333333,0.3333333333333333,0.3333333333333333,0.3333333333333333
279,16.0,Necaxa,2.0,1.2,1.6600000000000001,1.2200000000000002,5,4,1,3,1,1,2,1,1,1,0,0,4,3,4,3,0,0,0.6,0.2,0.2,0.8,0.6,0.5,0.25,0.25,1.0,0.75,1.0,0.0,0.0,0.0,0.0
280,16.0,Pachuca,1.4,0.8,1.7600000000000002,0.9,5,4,1,3,1,1,2,1,1,1,0,0,3,2,2,1,1,1,0.6,0.2,0.2,0.6,0.4,0.5,0.25,0.25,0.5,0.25,1.0,0.0,0.0,1.0,1.0
281,16.0,Puebla,1.8,1.4,1.04,1.86,5,3,2,3,2,0,2,1,0,1,1,0,2,2,2,2,0,0,0.6,0.4,0.0,0.4,0.4,0.6666666666666666,0.3333333333333333,0.0,0.6666666666666666,0.6666666666666666,0.5,0.5,0.0,0.0,0.0
282,16.0,Pumas_UNAM,1.2,1.8,1.6800000000000002,1.0,5,2,3,1,3,1,1,1,0,0,2,1,4,3,2,0,2,3,0.2,0.6,0.2,0.8,0.6,0.5,0.5,0.0,1.0,0.0,0.0,0.6666666666666666,0.3333333333333333,0.6666666666666666,1.0
283,16.0,Queretaro,2.0,1.6,1.56,1.6199999999999999,5,1,4,2,2,1,0,1,0,2,1,1,4,3,1,1,3,2,0.4,0.4,0.2,0.8,0.6,0.0,1.0,0.0,1.0,1.0,0.5,0.25,0.25,0.75,0.5
284,16.0,Santos_Laguna,1.2,1.2,1.34,1.2600000000000002,5,3,2,2,2,1,1,1,1,1,1,0,2,1,0,1,2,0,0.4,0.4,0.2,0.4,0.2,0.3333333333333333,0.3333333333333333,0.3333333333333333,0.0,0.3333333333333333,0.5,0.5,0.0,1.0,0.0
285,16.0,Tijuana,1.0,1.2,1.44,1.58,5,3,2,1,1,3,0,0,3,1,1,0,2,2,1,2,1,0,0.2,0.2,0.6,0.4,0.4,0.0,0.0,1.0,0.3333333333333333,0.6666666666666666,0.5,0.5,0.0,0.5,0.0
286,16.0,Toluca,1.0,1.8,1.6800000000000002,1.98,5,3,2,0,2,3,0,1,2,0,1,1,2,4,1,2,1,2,0.0,0.4,0.6,0.4,0.8,0.0,0.3333333333333333,0.6666666666666666,0.3333333333333333,0.6666666666666666,0.0,0.5,0.5,0.5,1.0
287,16.0,UANL,1.2,1.4,1.3800000000000001,0.9400000000000001,5,4,1,2,2,1,2,1,1,0,1,0,3,3,2,2,1,1,0.4,0.4,0.2,0.6,0.6,0.5,0.25,0.25,0.5,0.5,0.0,1.0,0.0,1.0,1.0
288,17.0,America,0.6,0.2,0.9800000000000001,0.78,5,2,3,2,0,3,0,0,2,2,0,1,1,1,0,0,1,1,0.4,0.0,0.6,0.2,0.2,0.0,0.0,1.0,0.0,0.0,0.6666666666666666,0.0,0.3333333333333333,0.3333333333333333,0.3333333333333333
289,17.0,Atlas,0.8,0.2,1.0,1.02,5,4,1,2,0,3,2,0,2,0,0,1,0,1,0,1,0,0,0.4,0.0,0.6,0.0,0.2,0.5,0.0,0.5,0.0,0.25,0.0,0.0,1.0,0.0,0.0
290,17.0,Atletico,0.2,1.6,1.26,1.08,5,4,1,0,3,2,0,3,1,0,0,1,2,1,2,1,0,0,0.0,0.6,0.4,0.4,0.2,0.0,0.75,0.25,0.5,0.25,0.0,0.0,1.0,0.0,0.0
291,17.0,Cruz_Azul,1.8,1.8,1.3599999999999999,1.42,5,3,2,2,2,1,2,1,0,0,1,1,4,4,3,3,1,1,0.4,0.4,0.2,0.8,0.8,0.6666666666666666,0.3333333333333333,0.0,1.0,1.0,0.0,0.5,0.5,0.5,0.5
292,17.0,FC_Juarez,0.8,2.2,0.96,1.94,5,2,3,1,4,0,1,1,0,0,3,0,4,2,1,1,3,1,0.2,0.8,0.0,0.8,0.4,0.5,0.5,0.0,0.5,0.5,0.0,1.0,0.0,1.0,0.3333333333333333
293,17.0,Guadalajara,1.4,0.8,0.74,0.78,5,1,4,3,2,0,1,0,0,2,2,0,2,2,1,1,1,1,0.6,0.4,0.0,0.4,0.4,1.0,0.0,0.0,1.0,1.0,0.5,0.5,0.0,0.25,0.25
294,17.0,Leon,2.8,1.4,1.94,0.6599999999999999,5,5,0,3,0,2,3,0,2,0,0,0,5,3,5,3,0,0,0.6,0.0,0.4,1.0,0.6,0.6,0.0,0.4,1.0,0.6,0.0,0.0,0.0,0.0,0.0
295,17.0,Mazatlan,0.8,1.8,1.2,1.04,5,3,2,2,3,0,2,1,0,0,2,0,3,2,1,1,2,1,0.4,0.6,0.0,0.6,0.4,0.6666666666666666,0.3333333333333333,0.0,0.3333333333333333,0.3333333333333333,0.0,1.0,0.0,1.0,0.5
296,17.0,Monterrey,1.2,0.2,1.42,1.02,5,3,2,2,0,3,2,0,1,0,0,2,1,1,1,1,0,0,0.4,0.0,0.6,0.2,0.2,0.6666666666666666,0.0,0.3333333333333333,0.3333333333333333,0.3333333333333333,0.0,0.0,1.0,0.0,0.0
297,17.0,Necaxa,0.0,1.6,0.7,1.52,5,1,4,0,4,1,0,1,0,0,3,1,2,0,0,0,2,0,0.0,0.8,0.2,0.4,0.0,0.0,1.0,0.0,0.0,0.0,0.0,0.75,0.25,0.5,0.0
298,17.0,Pachuca,1.2,1.4,1.48,1.48,5,0,5,2,2,1,0,0,0,2,2,1,2,2,0,0,2,2,0.4,0.4,0.2,0.4,0.4,0.0,0.0,0.0,0.0,0.0,0.4,0.4,0.2,0.4,0.4
299,17.0,Puebla,2.0,1.4,1.48,1.4600000000000002,5,3,2,3,2,0,2,1,0,1,1,0,4,4,2,2,2,2,0.6,0.4,0.0,0.8,0.8,0.6666666666666666,0.3333333333333333,0.0,0.6666666666666666,0.6666666666666666,0.5,0.5,0.0,1.0,1.0
300,17.0,Pumas_UNAM,1.8,2.0,1.48,1.58,5,3,2,3,2,0,3,0,0,0,2,0,3,3,1,1,2,2,0.6,0.4,0.0,0.6,0.6,1.0,0.0,0.0,0.3333333333333333,0.3333333333333333,0.0,1.0,0.0,1.0,1.0
301,17.0,Queretaro,1.0,1.4,1.3,1.7599999999999998,5,3,2,1,3,1,1,1,1,0,2,0,2,1,1,0,1,1,0.2,0.6,0.2,0.4,0.2,0.3333333333333333,0.3333333333333333,0.3333333333333333,0.3333333333333333,0.0,0.0,1.0,0.0,0.5,0.5
302,17.0,Santos_Laguna,2.0,0.8,1.54,1.3199999999999998,5,2,3,3,1,1,1,0,1,2,1,0,3,2,1,0,2,2,0.6,0.2,0.2,0.6,0.4,0.5,0.0,0.5,0.5,0.0,0.6666666666666666,0.3333333333333333,0.0,0.6666666666666666,0.6666666666666666
303,17.0,Tijuana,1.8,2.8,1.5,1.9600000000000002,5,2,3,1,3,1,1,1,0,0,2,1,4,4,2,2,2,2,0.2,0.6,0.2,0.8,0.8,0.5,0.5,0.0,1.0,1.0,0.0,0.6666666666666666,0.3333333333333333,0.6666666666666666,0.6666666666666666
304,17.0,Toluca,2.2,1.4,1.64,1.6600000000000001,5,2,3,2,2,1,2,0,0,0,2,1,3,2,2,1,1,1,0.4,0.4,0.2,0.6,0.4,1.0,0.0,0.0,1.0,0.5,0.0,0.6666666666666666,0.3333333333333333,0.3333333333333333,0.3333333333333333
305,17.0,UANL,1.4,0.8,1.1,0.6,5,2,3,2,1,2,1,0,1,1,1,1,3,1,1,0,2,1,0.4,0.2,0.4,0.6,0.2,0.5,0.0,0.5,0.5,0.0,0.3333333333333333,0.3333333333333333,0.3333333333333333,0.6666666666666666,0.3333333333333333
